{
	"credit": "Made with Blockbench",
	"texture_size": [32, 32],
	"textures": {
		"0": "./nightmare_3",
		"particle": "./nightmare_3"
	},
	"elements": [
		{
			"from": [4, 0, 0],
			"to": [12, 11, 8],
			"faces": {
				"north": {"uv": [0, 0, 4, 5.5], "texture": "#0"},
				"east": {"uv": [0, 0, 4, 5.5], "texture": "#0"},
				"south": {"uv": [0, 0, 4, 5.5], "texture": "#0"},
				"west": {"uv": [0, 0, 4, 5.5], "texture": "#0"},
				"up": {"uv": [4, 4, 0, 0], "texture": "#0"},
				"down": {"uv": [4, 0, 0, 4], "texture": "#0"}
			}
		},
		{
			"from": [4, 0, -0.05],
			"to": [12, 11, -0.05],
			"faces": {
				"north": {"uv": [4, 8, 8, 13.5], "texture": "#0"},
				"east": {"uv": [0, 0, 0, 4], "texture": "#0"},
				"south": {"uv": [8, 4, 12, 8], "texture": "#0"},
				"west": {"uv": [0, 0, 0, 4], "texture": "#0"},
				"up": {"uv": [4, 0, 0, 0], "texture": "#0"},
				"down": {"uv": [4, 0, 0, 0], "texture": "#0"}
			}
		}
	],
	"display": {
		"head": {
			"translation": [0, 7.75, 7],
			"scale": [1.94336, 1.94336, 1.94336]
		}
	}
}