{
	"credit": "Made with Blockbench",
	"texture_size": [64, 64],
	"textures": {
		"2": "./necromancer_glove"
	},
	"elements": [
		{
			"from": [7.3, 0, 7.2],
			"to": [8.7, 8, 8.2],
			"faces": {
				"north": {"uv": [8, 2.75, 8.25, 4.75], "texture": "#2"},
				"east": {"uv": [9.75, 10.75, 10, 12.75], "texture": "#2"},
				"south": {"uv": [10, 10.75, 10.25, 12.75], "texture": "#2"},
				"west": {"uv": [10.25, 10.75, 10.5, 12.75], "texture": "#2"},
				"up": {"uv": [11.25, 11, 11, 10.75], "texture": "#2"},
				"down": {"uv": [11.25, 11, 11, 11.25], "texture": "#2"}
			}
		},
		{
			"from": [5, 8, 7],
			"to": [11, 13, 8.4],
			"rotation": {"angle": 0, "axis": "y", "origin": [0, 1, 0]},
			"faces": {
				"north": {"uv": [9.25, 3.25, 10.75, 4.5], "texture": "#2"},
				"east": {"uv": [8, 4.75, 8.25, 6], "texture": "#2"},
				"south": {"uv": [9.25, 4.5, 10.75, 5.75], "texture": "#2"},
				"west": {"uv": [10.5, 10.75, 10.75, 12], "texture": "#2"},
				"up": {"uv": [12.25, 5, 10.75, 4.75], "texture": "#2"},
				"down": {"uv": [12.25, 5, 10.75, 5.25], "texture": "#2"}
			}
		},
		{
			"from": [7, 6, 7.02],
			"to": [9, 8, 8.38],
			"rotation": {"angle": 0, "axis": "y", "origin": [0, 1, 0]},
			"faces": {
				"north": {"uv": [10.75, 5.25, 11.25, 5.75], "texture": "#2"},
				"east": {"uv": [9, 11, 9.25, 11.5], "texture": "#2"},
				"south": {"uv": [2.25, 11, 2.75, 11.5], "texture": "#2"},
				"west": {"uv": [11, 9.75, 11.25, 10.25], "texture": "#2"},
				"up": {"uv": [11.5, 10.5, 11, 10.25], "texture": "#2"},
				"down": {"uv": [11.5, 10.5, 11, 10.75], "texture": "#2"}
			}
		},
		{
			"from": [9.6, 13, 7],
			"to": [11, 16, 8.4],
			"rotation": {"angle": 0, "axis": "y", "origin": [0, 6, 0]},
			"faces": {
				"north": {"uv": [11, 5.75, 11.25, 6.5], "texture": "#2"},
				"east": {"uv": [6, 11, 6.25, 11.75], "texture": "#2"},
				"south": {"uv": [6.25, 11, 6.5, 11.75], "texture": "#2"},
				"west": {"uv": [6.5, 11, 6.75, 11.75], "texture": "#2"},
				"up": {"uv": [11.5, 5.5, 11.25, 5.25], "texture": "#2"},
				"down": {"uv": [11.5, 5.5, 11.25, 5.75], "texture": "#2"}
			}
		},
		{
			"from": [8.1, 13, 7],
			"to": [9.5, 17, 8.4],
			"rotation": {"angle": 0, "axis": "y", "origin": [-1.5, 6, 0]},
			"faces": {
				"north": {"uv": [2.75, 11, 3, 12], "texture": "#2"},
				"east": {"uv": [3, 11, 3.25, 12], "texture": "#2"},
				"south": {"uv": [3.25, 11, 3.5, 12], "texture": "#2"},
				"west": {"uv": [3.5, 11, 3.75, 12], "texture": "#2"},
				"up": {"uv": [11.5, 6, 11.25, 5.75], "texture": "#2"},
				"down": {"uv": [11.5, 6, 11.25, 6.25], "texture": "#2"}
			}
		},
		{
			"from": [5.1, 13, 7],
			"to": [6.5, 17, 8.4],
			"rotation": {"angle": 0, "axis": "y", "origin": [-4.5, 6, 0]},
			"faces": {
				"north": {"uv": [3.75, 11, 4, 12], "texture": "#2"},
				"east": {"uv": [4, 11, 4.25, 12], "texture": "#2"},
				"south": {"uv": [4.25, 11, 4.5, 12], "texture": "#2"},
				"west": {"uv": [4.5, 11, 4.75, 12], "texture": "#2"},
				"up": {"uv": [11.5, 6.5, 11.25, 6.25], "texture": "#2"},
				"down": {"uv": [11.5, 6.5, 11.25, 6.75], "texture": "#2"}
			}
		},
		{
			"from": [3.4, 7.9, 7.01],
			"to": [4.78, 11.9, 8.39],
			"rotation": {"angle": 45, "axis": "z", "origin": [4.1, 9.9, 8]},
			"faces": {
				"north": {"uv": [4.75, 11, 5, 12], "texture": "#2"},
				"east": {"uv": [5, 11, 5.25, 12], "texture": "#2"},
				"south": {"uv": [5.5, 11, 5.75, 12], "texture": "#2"},
				"west": {"uv": [5.75, 11, 6, 12], "texture": "#2"},
				"up": {"uv": [11.5, 7, 11.25, 6.75], "texture": "#2"},
				"down": {"uv": [11.5, 7, 11.25, 7.25], "texture": "#2"}
			}
		},
		{
			"from": [6.6, 13, 7],
			"to": [8, 17.5, 8.4],
			"rotation": {"angle": 0, "axis": "y", "origin": [-3, 6, 0]},
			"faces": {
				"north": {"uv": [10.75, 10.75, 11, 12], "texture": "#2"},
				"east": {"uv": [1.5, 11, 1.75, 12.25], "texture": "#2"},
				"south": {"uv": [1.75, 11, 2, 12.25], "texture": "#2"},
				"west": {"uv": [2, 11, 2.25, 12.25], "texture": "#2"},
				"up": {"uv": [11.5, 7.5, 11.25, 7.25], "texture": "#2"},
				"down": {"uv": [11.5, 7.5, 11.25, 7.75], "texture": "#2"}
			}
		},
		{
			"from": [8.6, 5.6, 7.01],
			"to": [9.98, 8.4, 8.39],
			"rotation": {"angle": -45, "axis": "z", "origin": [10, 7, 8]},
			"faces": {
				"north": {"uv": [11, 6.5, 11.25, 7.25], "texture": "#2"},
				"east": {"uv": [6.75, 11, 7, 11.75], "texture": "#2"},
				"south": {"uv": [7, 11, 7.25, 11.75], "texture": "#2"},
				"west": {"uv": [7.25, 11, 7.5, 11.75], "texture": "#2"},
				"up": {"uv": [11.5, 8, 11.25, 7.75], "texture": "#2"},
				"down": {"uv": [8.5, 11.25, 8.25, 11.5], "texture": "#2"}
			}
		},
		{
			"from": [5.80503, 6.09497, 7.01],
			"to": [7.18503, 8.89497, 8.39],
			"rotation": {"angle": 45, "axis": "z", "origin": [6.50503, 7.49497, 8]},
			"faces": {
				"north": {"uv": [11, 7.25, 11.25, 8], "texture": "#2"},
				"east": {"uv": [7.5, 11, 7.75, 11.75], "texture": "#2"},
				"south": {"uv": [7.75, 11, 8, 11.75], "texture": "#2"},
				"west": {"uv": [8, 11, 8.25, 11.75], "texture": "#2"},
				"up": {"uv": [8.75, 11.5, 8.5, 11.25], "texture": "#2"},
				"down": {"uv": [9, 11.25, 8.75, 11.5], "texture": "#2"}
			}
		},
		{
			"from": [0, 0, 6.9],
			"to": [16, 24, 8.5],
			"faces": {
				"north": {"uv": [0, 0, 4, 6], "texture": "#2"},
				"east": {"uv": [8.25, 2.75, 8.75, 8.75], "texture": "#2"},
				"south": {"uv": [4, 0, 8, 6], "texture": "#2"},
				"west": {"uv": [8.75, 2.75, 9.25, 8.75], "texture": "#2"},
				"up": {"uv": [5.25, 9.75, 1.25, 9.25], "texture": "#2"},
				"down": {"uv": [13.25, 2.75, 9.25, 3.25], "texture": "#2"}
			}
		},
		{
			"from": [-4, -6, 6],
			"to": [-3, 19, 7],
			"rotation": {"angle": 45, "axis": "z", "origin": [-5.5, 19.55, 1.5]},
			"faces": {
				"north": {"uv": [5.25, 9.25, 5.5, 15.5], "texture": "#2"},
				"east": {"uv": [9.25, 5.75, 9.5, 12], "texture": "#2"},
				"south": {"uv": [9.5, 5.75, 9.75, 12], "texture": "#2"},
				"west": {"uv": [1.25, 9.75, 1.5, 16], "texture": "#2"},
				"up": {"uv": [11.5, 10, 11.25, 9.75], "texture": "#2"},
				"down": {"uv": [11.5, 10, 11.25, 10.25], "texture": "#2"}
			}
		},
		{
			"from": [-4.75, 5.8, 5.25],
			"to": [-2.25, 6.3, 7.75],
			"rotation": {"angle": 45, "axis": "z", "origin": [-5.5, 19.55, 1.5]},
			"faces": {
				"north": {"uv": [11, 8, 11.75, 8.25], "texture": "#2"},
				"east": {"uv": [8.25, 11, 9, 11.25], "texture": "#2"},
				"south": {"uv": [11, 8.25, 11.75, 8.5], "texture": "#2"},
				"west": {"uv": [11, 8.5, 11.75, 8.75], "texture": "#2"},
				"up": {"uv": [11.5, 2, 10.75, 1.25], "texture": "#2"},
				"down": {"uv": [11.5, 2, 10.75, 2.75], "texture": "#2"}
			}
		},
		{
			"from": [-5, 17.8, 5],
			"to": [-2, 18.3, 8],
			"rotation": {"angle": 45, "axis": "z", "origin": [-5.5, 19.55, 1.5]},
			"faces": {
				"north": {"uv": [11, 8.75, 11.75, 9], "texture": "#2"},
				"east": {"uv": [11, 9, 11.75, 9.25], "texture": "#2"},
				"south": {"uv": [11, 9.25, 11.75, 9.5], "texture": "#2"},
				"west": {"uv": [11, 9.5, 11.75, 9.75], "texture": "#2"},
				"up": {"uv": [11.5, 4, 10.75, 3.25], "texture": "#2"},
				"down": {"uv": [11.5, 4, 10.75, 4.75], "texture": "#2"}
			}
		},
		{
			"from": [-5.75, 6.8, 3.65],
			"to": [-1.25, 15.3, 8.15],
			"rotation": {"angle": 45, "axis": "z", "origin": [-5.5, 19.55, 1.5]},
			"faces": {
				"north": {"uv": [5.5, 8.75, 6.75, 11], "texture": "#2"},
				"east": {"uv": [6.75, 8.75, 8, 11], "texture": "#2"},
				"south": {"uv": [8, 8.75, 9.25, 11], "texture": "#2"},
				"west": {"uv": [0, 9.25, 1.25, 11.5], "texture": "#2"},
				"up": {"uv": [2.75, 11, 1.5, 9.75], "texture": "#2"},
				"down": {"uv": [4, 9.75, 2.75, 11], "texture": "#2"}
			}
		},
		{
			"from": [-5.75, 18.8, 3.65],
			"to": [-1.25, 23.3, 8.15],
			"rotation": {"angle": 45, "axis": "z", "origin": [-5.5, 19.55, 1.5]},
			"faces": {
				"north": {"uv": [4, 9.75, 5.25, 11], "texture": "#2"},
				"east": {"uv": [9.75, 5.75, 11, 7], "texture": "#2"},
				"south": {"uv": [9.75, 7, 11, 8.25], "texture": "#2"},
				"west": {"uv": [9.75, 8.25, 11, 9.5], "texture": "#2"},
				"up": {"uv": [11, 10.75, 9.75, 9.5], "texture": "#2"},
				"down": {"uv": [12, 0, 10.75, 1.25], "texture": "#2"}
			}
		},
		{
			"from": [-9.05, 15.8, 3.65],
			"to": [2.05, 26.3, 3.65],
			"rotation": {"angle": 45, "axis": "z", "origin": [-5.5, 19.55, 1.5]},
			"faces": {
				"north": {"uv": [5.5, 6, 8.25, 8.75], "texture": "#2"},
				"east": {"uv": [0, 0, 0, 2.75], "texture": "#2"},
				"south": {"uv": [8, 0, 10.75, 2.75], "texture": "#2"},
				"west": {"uv": [0, 0, 0, 2.75], "texture": "#2"},
				"up": {"uv": [2.75, 0, 0, 0], "texture": "#2"},
				"down": {"uv": [2.75, 0, 0, 0], "texture": "#2"}
			}
		},
		{
			"from": [-9.05, 3.7, 3.65],
			"to": [2.05, 16.3, 3.65],
			"rotation": {"angle": 45, "axis": "z", "origin": [-5.5, 19.55, 1.5]},
			"faces": {
				"north": {"uv": [0, 6, 2.75, 9.25], "texture": "#2"},
				"east": {"uv": [0, 0, 0, 3.25], "texture": "#2"},
				"south": {"uv": [2.75, 6, 5.5, 9.25], "texture": "#2"},
				"west": {"uv": [0, 0, 0, 3.25], "texture": "#2"},
				"up": {"uv": [2.75, 0, 0, 0], "texture": "#2"},
				"down": {"uv": [2.75, 0, 0, 0], "texture": "#2"}
			}
		}
	],
	"display": {
		"thirdperson_righthand": {
			"rotation": [-78.44, 82.87, 82.86],
			"translation": [0, 5.75, 1.25]
		},
		"thirdperson_lefthand": {
			"rotation": [-177.25, 0, 0],
			"translation": [0, -7, 0.75]
		},
		"firstperson_righthand": {
			"rotation": [73.05, 79.15, -104.45],
			"translation": [0, 3, 0]
		},
		"firstperson_lefthand": {
			"rotation": [133.5, 0, 10],
			"translation": [0, 0, 1.75]
		},
		"gui": {
			"rotation": [-44.99, -32.33, -62.82],
			"translation": [-0.5, -0.5, 0]
		},
		"head": {
			"translation": [0, 13, 0]
		}
	}
}