{
	"credit": "Made with Blockbench",
	"texture_size": [64, 64],
	"textures": {
		"0": "./reverse_aura",
		"particle": "./reverse_aura"
	},
	"elements": [
		{
			"from": [0, 0, 3],
			"to": [16, 32, 13],
			"faces": {
				"north": {"uv": [0, 0, 4, 8], "texture": "#0"},
				"east": {"uv": [0, 8, 2.5, 16], "texture": "#0"},
				"south": {"uv": [4, 0, 0, 8], "texture": "#0"},
				"west": {"uv": [8, 0, 10.5, 8], "texture": "#0"},
				"up": {"uv": [6.5, 10.5, 2.5, 8], "texture": "#0"},
				"down": {"uv": [10.5, 8, 6.5, 10.5], "texture": "#0"}
			}
		}
	],
	"display": {}
}