{
	"credit": "Made with Blockbench",
	"texture_size": [64, 64],
	"textures": {
		"1": "./notepad",
		"particle": "./notepad"
	},
	"elements": [
		{
			"from": [2, 0, 9.9],
			"to": [14, 17, 10],
			"faces": {
				"north": {"uv": [0, 0, 3, 4.25], "texture": "#1"},
				"east": {"uv": [9, 2.75, 9.25, 7], "texture": "#1"},
				"south": {"uv": [0, 0, 3, 4.25], "texture": "#1"},
				"west": {"uv": [9, 7, 9.25, 11.25], "texture": "#1"},
				"up": {"uv": [12.75, 3, 9.75, 2.75], "texture": "#1"},
				"down": {"uv": [12.75, 3, 9.75, 3.25], "texture": "#1"}
			}
		},
		{
			"from": [2, -0.8, 13],
			"to": [14, 16.2, 13.1],
			"rotation": {"angle": -22.5, "axis": "x", "origin": [8, 8.5, 9.95]},
			"faces": {
				"north": {"uv": [0, 0, 3, 4.25], "texture": "#1"},
				"east": {"uv": [9.25, 2.75, 9.5, 7], "texture": "#1"},
				"south": {"uv": [0, 0, 3, 4.25], "texture": "#1"},
				"west": {"uv": [9.25, 7, 9.5, 11.25], "texture": "#1"},
				"up": {"uv": [12.75, 3.5, 9.75, 3.25], "texture": "#1"},
				"down": {"uv": [12.75, 3.5, 9.75, 3.75], "texture": "#1"}
			}
		},
		{
			"from": [2, 16.6, 9.4],
			"to": [14, 18.6, 10.4],
			"rotation": {"angle": 22.5, "axis": "x", "origin": [8, 17.6, 9.9]},
			"faces": {
				"north": {"uv": [9, 1.75, 12, 2.25], "texture": "#1"},
				"east": {"uv": [10, 7.5, 10.25, 8], "texture": "#1"},
				"south": {"uv": [9, 2.25, 12, 2.75], "texture": "#1"},
				"west": {"uv": [10, 8, 10.25, 8.5], "texture": "#1"},
				"up": {"uv": [12.75, 4, 9.75, 3.75], "texture": "#1"},
				"down": {"uv": [12.75, 4, 9.75, 4.25], "texture": "#1"}
			}
		},
		{
			"from": [2.1, 0.1, 8.9],
			"to": [13.9, 17.1, 9.9],
			"faces": {
				"north": {"uv": [6, 0, 9, 4.25], "texture": "#1"},
				"east": {"uv": [9.5, 2.75, 9.75, 7], "texture": "#1"},
				"south": {"uv": [6, 4.25, 9, 8.5], "texture": "#1"},
				"west": {"uv": [9.5, 7, 9.75, 11.25], "texture": "#1"},
				"up": {"uv": [12.75, 4.5, 9.75, 4.25], "texture": "#1"},
				"down": {"uv": [12.75, 4.5, 9.75, 4.75], "texture": "#1"}
			}
		},
		{
			"from": [2.1, 5.975, 8.175],
			"to": [13.9, 12.775, 8.275],
			"rotation": {"angle": 22.5, "axis": "x", "origin": [8, 11, 8.85]},
			"faces": {
				"north": {"uv": [0, 8.5, 3, 10.25], "texture": "#1"},
				"east": {"uv": [9.75, 5.75, 10, 7.5], "texture": "#1"},
				"south": {"uv": [0, 8.5, 3, 10.25], "texture": "#1"},
				"west": {"uv": [9.75, 7.5, 10, 9.25], "texture": "#1"},
				"up": {"uv": [12.75, 5, 9.75, 4.75], "texture": "#1"},
				"down": {"uv": [12.75, 5, 9.75, 5.25], "texture": "#1"}
			}
		},
		{
			"from": [2.1, -0.625, 10.125],
			"to": [13.9, 6.175, 10.225],
			"rotation": {"angle": 45, "axis": "x", "origin": [8, 11, 8.85]},
			"faces": {
				"north": {"uv": [6, 8.5, 9, 10.25], "texture": "#1"},
				"east": {"uv": [9.75, 9.25, 10, 11], "texture": "#1"},
				"south": {"uv": [6, 8.5, 9, 10.25], "texture": "#1"},
				"west": {"uv": [10, 5.75, 10.25, 7.5], "texture": "#1"},
				"up": {"uv": [12.75, 5.5, 9.75, 5.25], "texture": "#1"},
				"down": {"uv": [12.75, 5.5, 9.75, 5.75], "texture": "#1"}
			}
		}
	],
	"display": {
		"thirdperson_righthand": {
			"rotation": [-134.52, 50.51, -163.35],
			"translation": [0, 3, 1],
			"scale": [0.55, 0.55, 0.55]
		},
		"thirdperson_lefthand": {
			"rotation": [-109.17, 57.55, -168.43],
			"translation": [-2.5, 3.5, 2.75],
			"scale": [0.55, 0.55, 0.55]
		},
		"firstperson_righthand": {
			"rotation": [117.63, 41.69, -132.76],
			"translation": [2.88, 3.2, -6.87],
			"scale": [0.68, 0.68, 0.68]
		},
		"firstperson_lefthand": {
			"rotation": [117.72, 47.56, -130.2],
			"translation": [7.63, 2.45, -9.12],
			"scale": [0.68, 0.68, 0.68]
		},
		"ground": {
			"translation": [0, 2, 0],
			"scale": [0.5, 0.5, 0.5]
		},
		"gui": {
			"rotation": [173.56, -43.53, -144.63],
			"translation": [2.5, -0.5, 0]
		},
		"head": {
			"rotation": [0, 180, 0],
			"translation": [0, 13, 7]
		},
		"fixed": {
			"rotation": [0, 180, 0]
		}
	}
}