{
	"credit": "Made with Blockbench",
	"texture_size": [64, 64],
	"textures": {
		"0": "./alchemist_hood",
		"particle": "./alchemist_hood"
	},
	"elements": [
		{
			"from": [9, 0, 0],
			"to": [11.2, 8.15, 8],
			"rotation": {"angle": 22.5, "axis": "z", "origin": [10, 0, 0]},
			"faces": {
				"north": {"uv": [6.5, 0, 7, 2], "texture": "#0"},
				"east": {"uv": [2.5, 0, 4.5, 2], "texture": "#0"},
				"south": {"uv": [6.5, 2, 7, 4], "texture": "#0"},
				"west": {"uv": [2.5, 0, 4.5, 2], "texture": "#0"},
				"up": {"uv": [7.5, 2, 7, 0], "texture": "#0"},
				"down": {"uv": [7, 9.5, 6.5, 7.5], "texture": "#0"}
			}
		},
		{
			"from": [-3.3, -0.3, 0],
			"to": [-1.1, 7.85, 8],
			"rotation": {"angle": -22.5, "axis": "z", "origin": [-1.3, -0.3, 0]},
			"faces": {
				"north": {"uv": [7.5, 0, 8, 2], "texture": "#0"},
				"east": {"uv": [2.5, 0, 4.5, 2], "texture": "#0"},
				"south": {"uv": [7.5, 2, 8, 4], "texture": "#0"},
				"west": {"uv": [2.5, 0, 4.5, 2], "texture": "#0"},
				"up": {"uv": [6.5, 9.5, 6, 7.5], "texture": "#0"},
				"down": {"uv": [7, 7.5, 6.5, 9.5], "texture": "#0"}
			}
		},
		{
			"from": [0, -0.3, 8],
			"to": [8, 8, 8],
			"faces": {
				"north": {"uv": [4, 4, 6, 6], "texture": "#0"},
				"east": {"uv": [0, 0, 0, 2], "texture": "#0"},
				"south": {"uv": [4.5, 0, 6.5, 2], "texture": "#0"},
				"west": {"uv": [0, 0, 0, 2], "texture": "#0"},
				"up": {"uv": [2, 0, 0, 0], "texture": "#0"},
				"down": {"uv": [2, 0, 0, 0], "texture": "#0"}
			}
		},
		{
			"from": [8, -0.3, 8],
			"to": [9, 2.4, 8],
			"rotation": {"angle": 0, "axis": "y", "origin": [8, 0, 0]},
			"faces": {
				"north": {"uv": [8, 1, 8.25, 1.75], "texture": "#0"},
				"east": {"uv": [0, 0, 0, 0.75], "texture": "#0"},
				"south": {"uv": [8, 1.75, 8.25, 2.5], "texture": "#0"},
				"west": {"uv": [0, 0, 0, 0.75], "texture": "#0"},
				"up": {"uv": [0.25, 0, 0, 0], "texture": "#0"},
				"down": {"uv": [0.25, 0, 0, 0], "texture": "#0"}
			}
		},
		{
			"from": [-1, -0.3, 8],
			"to": [0, 2.4, 8],
			"rotation": {"angle": 0, "axis": "y", "origin": [-1, 0, 0]},
			"faces": {
				"north": {"uv": [8, 2.5, 8.25, 3.25], "texture": "#0"},
				"east": {"uv": [0, 0, 0, 0.75], "texture": "#0"},
				"south": {"uv": [8, 3.25, 8.25, 4], "texture": "#0"},
				"west": {"uv": [0, 0, 0, 0.75], "texture": "#0"},
				"up": {"uv": [0.25, 0, 0, 0], "texture": "#0"},
				"down": {"uv": [0.25, 0, 0, 0], "texture": "#0"}
			}
		},
		{
			"from": [0, 6, 0],
			"to": [8, 8, 8],
			"faces": {
				"north": {"uv": [7, 7.5, 9, 8], "texture": "#0"},
				"east": {"uv": [2, 7.75, 4, 8.25], "texture": "#0"},
				"south": {"uv": [4, 7.75, 6, 8.25], "texture": "#0"},
				"west": {"uv": [0, 8, 2, 8.5], "texture": "#0"},
				"up": {"uv": [6.5, 4, 4.5, 2], "texture": "#0"},
				"down": {"uv": [2, 6, 0, 8], "texture": "#0"}
			}
		},
		{
			"from": [-1.2, -0.325, 0],
			"to": [9.2, 0.475, 8],
			"rotation": {"angle": 0, "axis": "y", "origin": [0, -0.525, 0]},
			"faces": {
				"north": {"uv": [8, 0, 10.5, 0.25], "texture": "#0"},
				"east": {"uv": [8, 0.5, 10, 0.75], "texture": "#0"},
				"south": {"uv": [8, 0.25, 10.5, 0.5], "texture": "#0"},
				"west": {"uv": [8, 0.75, 10, 1], "texture": "#0"},
				"up": {"uv": [2.5, 2, 0, 0], "texture": "#0"},
				"down": {"uv": [2.5, 2, 0, 4], "texture": "#0"}
			}
		},
		{
			"from": [-0.2, 0.2, 0.1],
			"to": [8.2, 7, 0.1],
			"rotation": {"angle": 0, "axis": "y", "origin": [0, -1, 0.1]},
			"faces": {
				"north": {"uv": [2, 6, 4, 7.75], "texture": "#0"},
				"east": {"uv": [0, 0, 0, 1.75], "texture": "#0"},
				"south": {"uv": [4, 6, 6, 7.75], "texture": "#0"},
				"west": {"uv": [0, 0, 0, 1.75], "texture": "#0"},
				"up": {"uv": [2, 0, 0, 0], "texture": "#0"},
				"down": {"uv": [2, 0, 0, 0], "texture": "#0"}
			}
		},
		{
			"from": [-0.2, -6.8, 1.1],
			"to": [8.2, 0, 1.1],
			"rotation": {"angle": 0, "axis": "y", "origin": [0, -8, 1.1]},
			"faces": {
				"north": {"uv": [6, 4, 8, 5.75], "texture": "#0"},
				"east": {"uv": [0, 0, 0, 1.75], "texture": "#0"},
				"south": {"uv": [6, 4, 8, 5.75], "texture": "#0"},
				"west": {"uv": [0, 0, 0, 1.75], "texture": "#0"},
				"up": {"uv": [2, 0, 0, 0], "texture": "#0"},
				"down": {"uv": [2, 0, 0, 0], "texture": "#0"}
			}
		},
		{
			"from": [8.2, 0.2, 0.1],
			"to": [9.2, 2, 0.1],
			"rotation": {"angle": 0, "axis": "y", "origin": [0, -1, 0.1]},
			"faces": {
				"north": {"uv": [8, 4, 8.25, 4.5], "texture": "#0"},
				"east": {"uv": [0, 0, 0, 0.5], "texture": "#0"},
				"south": {"uv": [8, 4.5, 8.25, 5], "texture": "#0"},
				"west": {"uv": [0, 0, 0, 0.5], "texture": "#0"},
				"up": {"uv": [0.25, 0, 0, 0], "texture": "#0"},
				"down": {"uv": [0.25, 0, 0, 0], "texture": "#0"}
			}
		},
		{
			"from": [-0.8, 0.2, 0.1],
			"to": [-0.2, 2, 0.1],
			"rotation": {"angle": 0, "axis": "y", "origin": [-9, -1, 0.1]},
			"faces": {
				"north": {"uv": [8, 5, 8.25, 5.5], "texture": "#0"},
				"east": {"uv": [0, 0, 0, 0.5], "texture": "#0"},
				"south": {"uv": [8, 5.5, 8.25, 6], "texture": "#0"},
				"west": {"uv": [0, 0, 0, 0.5], "texture": "#0"},
				"up": {"uv": [0.25, 0, 0, 0], "texture": "#0"},
				"down": {"uv": [0.25, 0, 0, 0], "texture": "#0"}
			}
		}
	],
	"display": {
		"gui": {
			"rotation": [157.75, -33.29, -165.65],
			"translation": [-4, 5, 0]
		},
		"head": {
			"translation": [7.25, 7.75, 7.25],
			"scale": [1.83399, 1.83399, 1.83399]
		}
	}
}