{
	"credit": "Made with Blockbench",
	"texture_size": [32, 32],
	"textures": {
		"0": "./arrow_in_head",
		"particle": "./arrow_in_head"
	},
	"elements": [
		{
			"from": [1, 4, 7],
			"to": [2, 9, 9],
			"rotation": {"angle": 0, "axis": "y", "origin": [0, 0, 7]},
			"faces": {
				"north": {"uv": [6, 2, 6.5, 4.5], "texture": "#0"},
				"east": {"uv": [4, 4.5, 5, 9], "texture": "#0"},
				"south": {"uv": [6, 2, 6.5, 4.5], "texture": "#0"},
				"west": {"uv": [4, 4.5, 5, 9], "texture": "#0"},
				"up": {"uv": [7.5, 4, 7, 3], "texture": "#0"},
				"down": {"uv": [7.5, 3, 7, 4], "texture": "#0"}
			}
		},
		{
			"from": [11, 4, 7],
			"to": [12, 9, 9],
			"rotation": {"angle": 0, "axis": "y", "origin": [10, 0, 7]},
			"faces": {
				"north": {"uv": [6, 6.5, 6.5, 9], "texture": "#0"},
				"east": {"uv": [4, 4.5, 5, 9], "texture": "#0"},
				"south": {"uv": [6, 6.5, 6.5, 9], "texture": "#0"},
				"west": {"uv": [4, 4.5, 5, 9], "texture": "#0"},
				"up": {"uv": [7.5, 6, 7, 5], "texture": "#0"},
				"down": {"uv": [7.5, 5, 7, 6], "texture": "#0"}
			}
		},
		{
			"from": [2, 8, 7],
			"to": [11, 9, 9],
			"rotation": {"angle": 0, "axis": "y", "origin": [9, 0, 7]},
			"faces": {
				"north": {"uv": [7, 2, 11.5, 2.5], "texture": "#0"},
				"east": {"uv": [7, 7, 8, 7.5], "texture": "#0"},
				"south": {"uv": [7, 2, 11.5, 2.5], "texture": "#0"},
				"west": {"uv": [7.5, 3, 8.5, 3.5], "texture": "#0"},
				"up": {"uv": [10.5, 1, 6, 0], "texture": "#0"},
				"down": {"uv": [10.5, 0, 6, 1], "texture": "#0"}
			}
		},
		{
			"from": [-3, 0, 8],
			"to": [1, 9, 8],
			"rotation": {"angle": 0, "axis": "y", "origin": [-1, -4, 7]},
			"faces": {
				"north": {"uv": [4, 0, 6, 4.5], "texture": "#0"},
				"east": {"uv": [0, 0, 0, 4.5], "texture": "#0"},
				"south": {"uv": [6, 0, 4, 4.5], "texture": "#0"},
				"west": {"uv": [0, 0, 0, 4.5], "texture": "#0"},
				"up": {"uv": [2, 0, 0, 0], "texture": "#0"},
				"down": {"uv": [2, 0, 0, 0], "texture": "#0"}
			}
		},
		{
			"from": [12, 0, 8],
			"to": [16, 9, 8],
			"rotation": {"angle": 0, "axis": "y", "origin": [14, -4, 7]},
			"faces": {
				"north": {"uv": [0, 0, 2, 4.5], "texture": "#0"},
				"east": {"uv": [0, 0, 0, 4.5], "texture": "#0"},
				"south": {"uv": [2, 0, 0, 4.5], "texture": "#0"},
				"west": {"uv": [0, 0, 0, 4.5], "texture": "#0"},
				"up": {"uv": [2, 0, 0, 0], "texture": "#0"},
				"down": {"uv": [2, 0, 0, 0], "texture": "#0"}
			}
		},
		{
			"from": [-3, 5.5, 4.5],
			"to": [1, 5.5, 13.5],
			"rotation": {"angle": 0, "axis": "x", "origin": [-1, 4.5, 17.5]},
			"faces": {
				"north": {"uv": [2, 0, 0, 0], "rotation": 180, "texture": "#0"},
				"east": {"uv": [0, 0, 0, 4.5], "rotation": 90, "texture": "#0"},
				"south": {"uv": [2, 0, 0, 0], "texture": "#0"},
				"west": {"uv": [0, 0, 0, 4.5], "rotation": 270, "texture": "#0"},
				"up": {"uv": [6, 0, 4, 4.5], "texture": "#0"},
				"down": {"uv": [4, 0, 6, 4.5], "rotation": 180, "texture": "#0"}
			}
		},
		{
			"from": [12, 5.5, 4.5],
			"to": [16, 5.5, 13.5],
			"rotation": {"angle": 0, "axis": "x", "origin": [14, 4.5, 17.5]},
			"faces": {
				"north": {"uv": [2, 0, 0, 0], "rotation": 180, "texture": "#0"},
				"east": {"uv": [0, 0, 0, 4.5], "rotation": 90, "texture": "#0"},
				"south": {"uv": [2, 0, 0, 0], "texture": "#0"},
				"west": {"uv": [0, 0, 0, 4.5], "rotation": 270, "texture": "#0"},
				"up": {"uv": [2, 0, 0, 4.5], "texture": "#0"},
				"down": {"uv": [0, 0, 2, 4.5], "rotation": 180, "texture": "#0"}
			}
		}
	],
	"display": {
		"gui": {
			"rotation": [-16.75, -36.5, 0],
			"translation": [1, 2, 0]
		},
		"head": {
			"translation": [2, 5.75, 0],
			"scale": [1.29297, 1.29297, 1.29297]
		}
	}
}