{
	"credit": "Made with Blockbench",
	"texture_size": [64, 64],
	"textures": {
		"0": "./back_swords",
		"particle": "./back_swords"
	},
	"elements": [
		{
			"from": [7, -16, 0],
			"to": [9, 2, 2],
			"rotation": {"angle": 45, "axis": "z", "origin": [0, 0, 0]},
			"faces": {
				"north": {"uv": [6, 0, 6.5, 4.5], "texture": "#0"},
				"east": {"uv": [6, 0, 6.5, 4.5], "texture": "#0"},
				"south": {"uv": [6, 0, 6.5, 4.5], "texture": "#0"},
				"west": {"uv": [6, 0, 6.5, 4.5], "texture": "#0"},
				"up": {"uv": [7.5, 0.5, 7, 0], "texture": "#0"},
				"down": {"uv": [7.5, 0.5, 7, 1], "texture": "#0"}
			}
		},
		{
			"from": [2, -9, 1],
			"to": [14, 32, 1],
			"rotation": {"angle": 45, "axis": "z", "origin": [0, 0, 0]},
			"faces": {
				"north": {"uv": [0, 0, 3, 10.25], "texture": "#0"},
				"east": {"uv": [0, 0, 0, 7.75], "texture": "#0"},
				"south": {"uv": [3, 0, 0, 10.25], "texture": "#0"},
				"west": {"uv": [0, 0, 0, 7.75], "texture": "#0"},
				"up": {"uv": [3, 0, 0, 0], "texture": "#0"},
				"down": {"uv": [3, 0, 0, 0], "texture": "#0"}
			}
		},
		{
			"from": [-10, -16, 0.125],
			"to": [-8, 2, 2.125],
			"rotation": {"angle": -45, "axis": "z", "origin": [0, 0, 0]},
			"faces": {
				"north": {"uv": [6.5, 0, 6, 4.5], "texture": "#0"},
				"east": {"uv": [6, 0, 6.5, 4.5], "texture": "#0"},
				"south": {"uv": [6, 0, 6.5, 4.5], "texture": "#0"},
				"west": {"uv": [6, 0, 6.5, 4.5], "texture": "#0"},
				"up": {"uv": [7.5, 0.5, 7, 0], "texture": "#0"},
				"down": {"uv": [7.5, 0.5, 7, 1], "texture": "#0"}
			}
		},
		{
			"from": [-15, -9, 1.125],
			"to": [-3, 32, 1.125],
			"rotation": {"angle": -45, "axis": "z", "origin": [0, 0, 0]},
			"faces": {
				"north": {"uv": [3, 0, 0, 10.25], "texture": "#0"},
				"east": {"uv": [0, 0, 0, 7.75], "texture": "#0"},
				"south": {"uv": [3, 0, 0, 10.25], "texture": "#0"},
				"west": {"uv": [0, 0, 0, 7.75], "texture": "#0"},
				"up": {"uv": [3, 0, 0, 0], "texture": "#0"},
				"down": {"uv": [3, 0, 0, 0], "texture": "#0"}
			}
		}
	],
	"display": {
		"thirdperson_righthand": {
			"rotation": [164.36, 87.57, -137.56],
			"translation": [7.5, 13, 7.75]
		},
		"gui": {
			"rotation": [147.82, -38.5, 162.57],
			"translation": [-5.5, -2.5, 0],
			"scale": [0.49414, 0.49414, 0.49414]
		},
		"head": {
			"rotation": [0, 0, 180],
			"translation": [-12.5, -6.25, 14.5],
			"scale": [1.44922, 1.44922, 1.44922]
		}
	}
}