{
	"credit": "Made with Blockbench",
	"texture_size": [64, 64],
	"textures": {
		"0": "./fish_aquarium",
		"particle": "./fish_aquarium"
	},
	"elements": [
		{
			"from": [-0.45, -0.1, 7.5],
			"to": [7.4, 8.9, 15.3],
			"faces": {
				"north": {"uv": [9, 0, 10.5, 1.5], "texture": "#0"},
				"east": {"uv": [9, 0, 10.5, 1.5], "texture": "#0"},
				"south": {"uv": [9, 0, 10.5, 1.5], "texture": "#0"},
				"west": {"uv": [9, 0, 10.5, 1.5], "texture": "#0"},
				"up": {"uv": [10.5, 1.5, 9, 0], "texture": "#0"},
				"down": {"uv": [10.5, 0, 9, 1.5], "texture": "#0"}
			}
		},
		{
			"from": [8, 0, 7],
			"to": [8, 9, 16],
			"faces": {
				"north": {"uv": [0, 0, 0, 2.25], "texture": "#0"},
				"east": {"uv": [4.5, 2.25, 6.75, 4.5], "texture": "#0"},
				"south": {"uv": [0, 0, 0, 2.25], "texture": "#0"},
				"west": {"uv": [6.75, 2.25, 4.5, 4.5], "texture": "#0"},
				"up": {"uv": [0, 2.25, 0, 0], "texture": "#0"},
				"down": {"uv": [0, 0, 0, 2.25], "texture": "#0"}
			}
		},
		{
			"from": [-1, 9, 7],
			"to": [8, 9, 16],
			"faces": {
				"north": {"uv": [0, 0, 2.25, 0], "texture": "#0"},
				"east": {"uv": [0, 0, 2.25, 0], "texture": "#0"},
				"south": {"uv": [0, 0, 2.25, 0], "texture": "#0"},
				"west": {"uv": [0, 0, 2.25, 0], "texture": "#0"},
				"up": {"uv": [4.5, 2.25, 2.25, 0], "texture": "#0"},
				"down": {"uv": [4.5, 2.25, 2.25, 4.5], "texture": "#0"}
			}
		},
		{
			"from": [-1, 0, 16],
			"to": [8, 9, 16],
			"faces": {
				"north": {"uv": [4.5, 2.25, 6.75, 4.5], "texture": "#0"},
				"east": {"uv": [0, 0, 0, 2.25], "texture": "#0"},
				"south": {"uv": [6.75, 2.25, 4.5, 4.5], "texture": "#0"},
				"west": {"uv": [0, 0, 0, 2.25], "texture": "#0"},
				"up": {"uv": [2.25, 0, 0, 0], "texture": "#0"},
				"down": {"uv": [2.25, 0, 0, 0], "texture": "#0"}
			}
		},
		{
			"from": [-1, 0, 7],
			"to": [-1, 9, 16],
			"faces": {
				"north": {"uv": [0, 0, 0, 2.25], "texture": "#0"},
				"east": {"uv": [6.75, 2.25, 4.5, 4.5], "texture": "#0"},
				"south": {"uv": [0, 0, 0, 2.25], "texture": "#0"},
				"west": {"uv": [4.5, 2.25, 6.75, 4.5], "texture": "#0"},
				"up": {"uv": [0, 2.25, 0, 0], "texture": "#0"},
				"down": {"uv": [0, 0, 0, 2.25], "texture": "#0"}
			}
		},
		{
			"from": [-1, 0, 7],
			"to": [8, 9, 7],
			"faces": {
				"north": {"uv": [6.75, 2.25, 4.5, 4.5], "texture": "#0"},
				"east": {"uv": [0, 0, 0, 2.25], "texture": "#0"},
				"south": {"uv": [4.5, 2.25, 6.75, 4.5], "texture": "#0"},
				"west": {"uv": [0, 0, 0, 2.25], "texture": "#0"},
				"up": {"uv": [2.25, 0, 0, 0], "texture": "#0"},
				"down": {"uv": [2.25, 0, 0, 0], "texture": "#0"}
			}
		},
		{
			"from": [-1, 0, 7],
			"to": [8, 0, 16],
			"faces": {
				"north": {"uv": [0, 0, 2.25, 0], "texture": "#0"},
				"east": {"uv": [0, 0, 2.25, 0], "texture": "#0"},
				"south": {"uv": [0, 0, 2.25, 0], "texture": "#0"},
				"west": {"uv": [0, 0, 2.25, 0], "texture": "#0"},
				"up": {"uv": [4.5, 9, 2.25, 6.75], "texture": "#0"},
				"down": {"uv": [4.5, 6.75, 2.25, 9], "texture": "#0"}
			}
		},
		{
			"from": [-0.5, 0.4, 7.9],
			"to": [0.5, 8.4, 13.9],
			"faces": {
				"north": {"uv": [6, 8.75, 6.25, 10.75], "texture": "#0"},
				"east": {"uv": [8, 8.25, 9.5, 10.25], "texture": "#0"},
				"south": {"uv": [6.25, 8.75, 6.5, 10.75], "texture": "#0"},
				"west": {"uv": [9.5, 8.25, 8, 10.25], "texture": "#0"},
				"up": {"uv": [6.75, 8.25, 6.5, 6.75], "texture": "#0"},
				"down": {"uv": [6, 10.25, 5.75, 11.75], "texture": "#0"}
			}
		},
		{
			"from": [-0.5, 0.4, 13.9],
			"to": [7.5, 8.4, 14.9],
			"faces": {
				"north": {"uv": [6.75, 2.25, 8.75, 4.25], "texture": "#0"},
				"east": {"uv": [4.5, 10.25, 4.75, 12.25], "texture": "#0"},
				"south": {"uv": [6.75, 4.25, 8.75, 6.25], "texture": "#0"},
				"west": {"uv": [10.25, 4.5, 10.5, 6.5], "texture": "#0"},
				"up": {"uv": [8.5, 10.5, 6.5, 10.25], "texture": "#0"},
				"down": {"uv": [12.25, 6.5, 10.25, 6.75], "texture": "#0"}
			}
		},
		{
			"from": [0.5, 7.4, 7.9],
			"to": [6.5, 8.4, 13.9],
			"faces": {
				"north": {"uv": [10.5, 0.25, 12, 0.5], "texture": "#0"},
				"east": {"uv": [10.5, 0.5, 12, 0.75], "texture": "#0"},
				"south": {"uv": [10.5, 0.75, 12, 1], "texture": "#0"},
				"west": {"uv": [10.5, 1, 12, 1.25], "texture": "#0"},
				"up": {"uv": [11.75, 3, 10.25, 1.5], "texture": "#0"},
				"down": {"uv": [11.75, 3, 10.25, 4.5], "texture": "#0"}
			}
		},
		{
			"from": [6.5, 0.4, 7.9],
			"to": [7.5, 8.4, 13.9],
			"faces": {
				"north": {"uv": [4.75, 10.25, 5, 12.25], "texture": "#0"},
				"east": {"uv": [7.75, 8, 6.25, 10], "texture": "#0"},
				"south": {"uv": [5, 10.25, 5.25, 12.25], "texture": "#0"},
				"west": {"uv": [6.25, 8, 7.75, 10], "texture": "#0"},
				"up": {"uv": [8.75, 11.75, 8.5, 10.25], "texture": "#0"},
				"down": {"uv": [9, 10.25, 8.75, 11.75], "texture": "#0"}
			}
		},
		{
			"from": [-0.5, 0.4, 6.9],
			"to": [7.5, 8.4, 7.9],
			"faces": {
				"north": {"uv": [4.5, 6.75, 6.5, 8.75], "texture": "#0"},
				"east": {"uv": [5.25, 10.25, 5.5, 12.25], "texture": "#0"},
				"south": {"uv": [6.75, 6.25, 8.75, 8.25], "texture": "#0"},
				"west": {"uv": [5.5, 10.25, 5.75, 12.25], "texture": "#0"},
				"up": {"uv": [12.25, 7, 10.25, 6.75], "texture": "#0"},
				"down": {"uv": [12.25, 7, 10.25, 7.25], "texture": "#0"}
			}
		},
		{
			"from": [0.5, 0.4, 7.9],
			"to": [6.5, 1.4, 13.9],
			"faces": {
				"north": {"uv": [10.25, 7.25, 11.75, 7.5], "texture": "#0"},
				"east": {"uv": [10.25, 7.5, 11.75, 7.75], "texture": "#0"},
				"south": {"uv": [0, 10.5, 1.5, 10.75], "texture": "#0"},
				"west": {"uv": [10.5, 0, 12, 0.25], "texture": "#0"},
				"up": {"uv": [11, 9.25, 9.5, 7.75], "texture": "#0"},
				"down": {"uv": [11, 9.25, 9.5, 10.75], "texture": "#0"}
			}
		}
	],
	"display": {
		"gui": {
			"rotation": [-143.63, 46.13, 156.8],
			"translation": [-6.25, 1.75, 0]
		},
		"head": {
			"rotation": [0, -90, 0],
			"translation": [6.25, 6.25, 8],
			"scale": [1.80273, 1.80273, 1.80273]
		}
	},
	"groups": [
		0,
		{
			"name": "group",
			"origin": [0, 0, 0],
			"color": 0,
			"nbt": "{}",
			"children": [1, 2, 3, 4, 5, 6]
		},
		{
			"name": "group",
			"origin": [0, 0, 0],
			"color": 0,
			"nbt": "{}",
			"children": [7, 8, 9, 10, 11, 12]
		}
	]
}