{
	"credit": "Made with Blockbench",
	"texture_size": [64, 64],
	"textures": {
		"0": "./flying_books",
		"particle": "./flying_books"
	},
	"elements": [
		{
			"from": [-4, 3, 0],
			"to": [2, 11, 0.25],
			"rotation": {"angle": -22.5, "axis": "z", "origin": [0, 0, 0]},
			"faces": {
				"north": {"uv": [6, 2, 7.5, 4], "texture": "#0"},
				"east": {"uv": [9, 6, 9.25, 8], "texture": "#0"},
				"south": {"uv": [7.5, 2, 6, 4], "texture": "#0"},
				"west": {"uv": [9, 8, 9.25, 10], "texture": "#0"},
				"up": {"uv": [1.5, 10.25, 0, 10], "texture": "#0"},
				"down": {"uv": [11.5, 0.25, 10, 0.5], "texture": "#0"}
			}
		},
		{
			"from": [-10, 3, -0.075],
			"to": [2, 11, -0.075],
			"rotation": {"angle": -22.5, "axis": "z", "origin": [0, 0, 0]},
			"faces": {
				"north": {"uv": [0, 0, 3, 2], "texture": "#0"},
				"east": {"uv": [0, 0, 0, 2], "texture": "#0"},
				"south": {"uv": [3, 0, 0, 2], "texture": "#0"},
				"west": {"uv": [0, 0, 0, 2], "texture": "#0"},
				"up": {"uv": [3, 0, 0, 0], "texture": "#0"},
				"down": {"uv": [3, 0, 0, 0], "texture": "#0"}
			}
		},
		{
			"from": [-10, 3, 2.325],
			"to": [2, 11, 2.325],
			"rotation": {"angle": -22.5, "axis": "z", "origin": [0, 0, 0]},
			"faces": {
				"north": {"uv": [0, 0, 3, 2], "texture": "#0"},
				"east": {"uv": [0, 0, 0, 2], "texture": "#0"},
				"south": {"uv": [3, 0, 0, 2], "texture": "#0"},
				"west": {"uv": [0, 0, 0, 2], "texture": "#0"},
				"up": {"uv": [3, 0, 0, 0], "texture": "#0"},
				"down": {"uv": [3, 0, 0, 0], "texture": "#0"}
			}
		},
		{
			"from": [-4, 3, 2],
			"to": [2, 11, 2.25],
			"rotation": {"angle": -22.5, "axis": "z", "origin": [0, 0, 0]},
			"faces": {
				"north": {"uv": [6, 2, 7.5, 4], "texture": "#0"},
				"east": {"uv": [9, 6, 9.25, 8], "texture": "#0"},
				"south": {"uv": [6, 2, 7.5, 4], "texture": "#0"},
				"west": {"uv": [9, 6, 9.25, 8], "texture": "#0"},
				"up": {"uv": [11.5, 0.5, 10, 0.25], "texture": "#0"},
				"down": {"uv": [11.5, 0.25, 10, 0.5], "texture": "#0"}
			}
		},
		{
			"from": [-4, 3, 0.25],
			"to": [-3.75, 11, 2],
			"rotation": {"angle": -22.5, "axis": "z", "origin": [0, 0, 0]},
			"faces": {
				"north": {"uv": [9.5, 0, 9.75, 2], "texture": "#0"},
				"east": {"uv": [6.5, 8, 7, 10], "texture": "#0"},
				"south": {"uv": [9.5, 2, 9.75, 4], "texture": "#0"},
				"west": {"uv": [6.5, 8, 7, 10], "texture": "#0"},
				"up": {"uv": [10.25, 2, 10, 1.5], "texture": "#0"},
				"down": {"uv": [10.25, 1.5, 10, 2], "texture": "#0"}
			}
		},
		{
			"from": [-3.75, 3.25, 0.25],
			"to": [1.75, 10.75, 2],
			"rotation": {"angle": -22.5, "axis": "z", "origin": [0, 0, 0]},
			"faces": {
				"north": {"uv": [6, 6, 7.5, 8], "texture": "#0"},
				"east": {"uv": [7, 8, 7.5, 10], "texture": "#0"},
				"south": {"uv": [7.5, 2, 9, 4], "texture": "#0"},
				"west": {"uv": [7.5, 8, 8, 10], "texture": "#0"},
				"up": {"uv": [10.5, 4.5, 9, 4], "texture": "#0"},
				"down": {"uv": [10.5, 4, 9, 4.5], "texture": "#0"}
			}
		},
		{
			"from": [17, 4, 2],
			"to": [23, 12, 2.25],
			"rotation": {"angle": 22.5, "axis": "z", "origin": [21.5, 4, 1.125]},
			"faces": {
				"north": {"uv": [0, 8, 1.5, 10], "texture": "#0"},
				"east": {"uv": [9.5, 6, 9.75, 8], "texture": "#0"},
				"south": {"uv": [1.5, 8, 0, 10], "texture": "#0"},
				"west": {"uv": [9.5, 6, 9.75, 8], "texture": "#0"},
				"up": {"uv": [11.5, 1, 10, 0.75], "texture": "#0"},
				"down": {"uv": [11.5, 1, 10, 1.25], "texture": "#0"}
			}
		},
		{
			"from": [17, 4, 2.325],
			"to": [29, 12, 2.325],
			"rotation": {"angle": 22.5, "axis": "z", "origin": [21.5, 4, 1.125]},
			"faces": {
				"north": {"uv": [0, 6, 3, 8], "texture": "#0"},
				"east": {"uv": [0, 0, 0, 2], "texture": "#0"},
				"south": {"uv": [3, 6, 0, 8], "texture": "#0"},
				"west": {"uv": [0, 0, 0, 2], "texture": "#0"},
				"up": {"uv": [3, 0, 0, 0], "texture": "#0"},
				"down": {"uv": [3, 0, 0, 0], "texture": "#0"}
			}
		},
		{
			"from": [17, 4, -0.075],
			"to": [29, 12, -0.075],
			"rotation": {"angle": 22.5, "axis": "z", "origin": [21.5, 4, 1.125]},
			"faces": {
				"north": {"uv": [0, 6, 3, 8], "texture": "#0"},
				"east": {"uv": [0, 0, 0, 2], "texture": "#0"},
				"south": {"uv": [3, 6, 0, 8], "texture": "#0"},
				"west": {"uv": [0, 0, 0, 2], "texture": "#0"},
				"up": {"uv": [3, 0, 0, 0], "texture": "#0"},
				"down": {"uv": [3, 0, 0, 0], "texture": "#0"}
			}
		},
		{
			"from": [17, 4, 0],
			"to": [23, 12, 0.25],
			"rotation": {"angle": 22.5, "axis": "z", "origin": [21.5, 4, 1.125]},
			"faces": {
				"north": {"uv": [0, 8, 1.5, 10], "texture": "#0"},
				"east": {"uv": [9.75, 0, 10, 2], "texture": "#0"},
				"south": {"uv": [1.5, 8, 0, 10], "texture": "#0"},
				"west": {"uv": [9.75, 0, 10, 2], "texture": "#0"},
				"up": {"uv": [11.5, 1.5, 10, 1.25], "texture": "#0"},
				"down": {"uv": [3, 10, 1.5, 10.25], "texture": "#0"}
			}
		},
		{
			"from": [22.75, 4, 0.25],
			"to": [23, 12, 2],
			"rotation": {"angle": 22.5, "axis": "z", "origin": [21.5, 4, 1.125]},
			"faces": {
				"north": {"uv": [9.75, 6, 10, 8], "texture": "#0"},
				"east": {"uv": [8, 8, 8.5, 10], "texture": "#0"},
				"south": {"uv": [9.75, 8, 10, 10], "texture": "#0"},
				"west": {"uv": [8, 8, 8.5, 10], "texture": "#0"},
				"up": {"uv": [10.25, 3, 10, 2.5], "texture": "#0"},
				"down": {"uv": [3.25, 10, 3, 10.5], "texture": "#0"}
			}
		},
		{
			"from": [17.25, 4.25, 0.25],
			"to": [22.75, 11.75, 2],
			"rotation": {"angle": 22.5, "axis": "z", "origin": [21.5, 4, 1.125]},
			"faces": {
				"north": {"uv": [3, 8, 4.5, 10], "texture": "#0"},
				"east": {"uv": [9, 0, 9.5, 2], "texture": "#0"},
				"south": {"uv": [4.5, 8, 6, 10], "texture": "#0"},
				"west": {"uv": [9, 2, 9.5, 4], "texture": "#0"},
				"up": {"uv": [10.5, 5.5, 9, 5], "texture": "#0"},
				"down": {"uv": [10.5, 5, 9, 5.5], "texture": "#0"}
			}
		}
	],
	"display": {
		"gui": {
			"rotation": [-28.81, 29.25, 27.54],
			"translation": [0.75, 2, 0],
			"scale": [0.59766, 0.59766, 0.59766]
		},
		"head": {
			"rotation": [19.75, 0, 0],
			"translation": [-3.5, 0, 19.75],
			"scale": [1.69141, 1.69141, 1.69141]
		}
	}
}