{
	"credit": "Made with Blockbench",
	"texture_size": [128, 128],
	"textures": {
		"0": "./fury_field",
		"particle": "./fury_field"
	},
	"elements": [
		{
			"from": [-16, -16, 2],
			"to": [32, 32, 2],
			"faces": {
				"north": {"uv": [0, 0, 6, 6], "texture": "#0"},
				"east": {"uv": [0, 0, 0, 6], "texture": "#0"},
				"south": {"uv": [0, 0, 6, 6], "texture": "#0"},
				"west": {"uv": [0, 0, 0, 6], "texture": "#0"},
				"up": {"uv": [6, 0, 0, 0], "texture": "#0"},
				"down": {"uv": [6, 0, 0, 0], "texture": "#0"}
			}
		}
	],
	"display": {
		"gui": {
			"scale": [0.35156, 0.35156, 0.35156]
		},
		"head": {
			"translation": [0, -18.25, 5.25]
		}
	}
}