{
	"credit": "Made with Blockbench",
	"texture_size": [64, 64],
	"textures": {
		"4": "./halloween_dominus",
		"particle": "./halloween_dominus"
	},
	"elements": [
		{
			"from": [9, 0, 0],
			"to": [11.2, 8.15, 8],
			"rotation": {"angle": 22.5, "axis": "z", "origin": [10, 0, 0]},
			"faces": {
				"north": {"uv": [1.75, 8, 2.25, 10], "texture": "#4"},
				"east": {"uv": [0, 4, 2, 6], "texture": "#4"},
				"south": {"uv": [8, 1.75, 8.5, 3.75], "texture": "#4"},
				"west": {"uv": [2, 4, 4, 6], "texture": "#4"},
				"up": {"uv": [2.75, 10, 2.25, 8], "texture": "#4"},
				"down": {"uv": [3.25, 8, 2.75, 10], "texture": "#4"}
			}
		},
		{
			"from": [-3.3, -0.3, 0],
			"to": [-1.1, 7.85, 8],
			"rotation": {"angle": -22.5, "axis": "z", "origin": [-1.3, -0.3, 0]},
			"faces": {
				"north": {"uv": [3.25, 8, 3.75, 10], "texture": "#4"},
				"east": {"uv": [4, 4, 6, 6], "texture": "#4"},
				"south": {"uv": [3.75, 8, 4.25, 10], "texture": "#4"},
				"west": {"uv": [2, 4, 0, 6], "texture": "#4"},
				"up": {"uv": [8.5, 5.75, 8, 3.75], "texture": "#4"},
				"down": {"uv": [4.75, 8, 4.25, 10], "texture": "#4"}
			}
		},
		{
			"from": [0, -0.3, 8],
			"to": [8, 8, 8],
			"faces": {
				"north": {"uv": [6, 0, 8, 2], "texture": "#4"},
				"east": {"uv": [0, 0, 0, 2], "texture": "#4"},
				"south": {"uv": [2, 6, 4, 8], "texture": "#4"},
				"west": {"uv": [0, 0, 0, 2], "texture": "#4"},
				"up": {"uv": [2, 0, 0, 0], "texture": "#4"},
				"down": {"uv": [2, 0, 0, 0], "texture": "#4"}
			}
		},
		{
			"from": [8, -0.3, 8],
			"to": [9, 2.4, 8],
			"rotation": {"angle": 0, "axis": "y", "origin": [8, 0, 0]},
			"faces": {
				"north": {"uv": [6, 9.25, 6.25, 10], "texture": "#4"},
				"east": {"uv": [0, 0, 0, 0.75], "texture": "#4"},
				"south": {"uv": [6.25, 9.25, 6.5, 10], "texture": "#4"},
				"west": {"uv": [0, 0, 0, 0.75], "texture": "#4"},
				"up": {"uv": [0.25, 0, 0, 0], "texture": "#4"},
				"down": {"uv": [0.25, 0, 0, 0], "texture": "#4"}
			}
		},
		{
			"from": [-1, -0.3, 8],
			"to": [0, 2.4, 8],
			"rotation": {"angle": 0, "axis": "y", "origin": [-1, 0, 0]},
			"faces": {
				"north": {"uv": [6.5, 9.25, 6.75, 10], "texture": "#4"},
				"east": {"uv": [0, 0, 0, 0.75], "texture": "#4"},
				"south": {"uv": [6.75, 9.25, 7, 10], "texture": "#4"},
				"west": {"uv": [0, 0, 0, 0.75], "texture": "#4"},
				"up": {"uv": [0.25, 0, 0, 0], "texture": "#4"},
				"down": {"uv": [0.25, 0, 0, 0], "texture": "#4"}
			}
		},
		{
			"from": [0, 6, 0],
			"to": [8, 8, 8],
			"faces": {
				"north": {"uv": [8, 5.75, 10, 6.25], "texture": "#4"},
				"east": {"uv": [8, 6.25, 10, 6.75], "texture": "#4"},
				"south": {"uv": [8, 6.75, 10, 7.25], "texture": "#4"},
				"west": {"uv": [8.5, 1.75, 10.5, 2.25], "texture": "#4"},
				"up": {"uv": [8, 4, 6, 2], "texture": "#4"},
				"down": {"uv": [6, 6, 4, 8], "texture": "#4"}
			}
		},
		{
			"from": [-1.2, -0.325, 0],
			"to": [9.2, 0.475, 8],
			"rotation": {"angle": 0, "axis": "y", "origin": [0, -0.525, 0]},
			"faces": {
				"north": {"uv": [8, 7.25, 10.5, 7.5], "texture": "#4"},
				"east": {"uv": [8.5, 4.75, 10.5, 5], "texture": "#4"},
				"south": {"uv": [8.5, 2.25, 11, 2.5], "texture": "#4"},
				"west": {"uv": [8.5, 5, 10.5, 5.25], "texture": "#4"},
				"up": {"uv": [6, 2, 3.5, 0], "texture": "#4"},
				"down": {"uv": [6, 2, 3.5, 4], "texture": "#4"}
			}
		},
		{
			"from": [-3.2, -6.8, 1.1],
			"to": [11.2, 1, 1.1],
			"rotation": {"angle": 0, "axis": "y", "origin": [0, -8, 1.1]},
			"faces": {
				"north": {"uv": [0, 0, 3.5, 2], "texture": "#4"},
				"east": {"uv": [0, 0, 0, 2], "texture": "#4"},
				"south": {"uv": [0, 2, 3.5, 4], "texture": "#4"},
				"west": {"uv": [0, 0, 0, 2], "texture": "#4"},
				"up": {"uv": [3.5, 0, 0, 0], "texture": "#4"},
				"down": {"uv": [3.5, 0, 0, 0], "texture": "#4"}
			}
		},
		{
			"from": [-4, -3, 0],
			"to": [-1, 0, 2],
			"rotation": {"angle": 22.5, "axis": "y", "origin": [-3, -3, 0]},
			"faces": {
				"north": {"uv": [4.75, 8, 5.5, 8.75], "texture": "#4"},
				"east": {"uv": [5.5, 8, 6, 8.75], "texture": "#4"},
				"south": {"uv": [8.5, 2.5, 9.25, 3.25], "texture": "#4"},
				"west": {"uv": [4.75, 8.75, 5.25, 9.5], "texture": "#4"},
				"up": {"uv": [9.25, 5.75, 8.5, 5.25], "texture": "#4"},
				"down": {"uv": [6, 8.75, 5.25, 9.25], "texture": "#4"}
			}
		},
		{
			"from": [-5, 0, 2],
			"to": [2, 7, 2],
			"rotation": {"angle": 22.5, "axis": "x", "origin": [-2, 0, 0]},
			"faces": {
				"north": {"uv": [7.75, 7.5, 9.5, 9.25], "texture": "#4"},
				"east": {"uv": [0, 0, 0, 1.75], "texture": "#4"},
				"south": {"uv": [9.5, 7.5, 7.75, 9.25], "texture": "#4"},
				"west": {"uv": [0, 0, 0, 1.75], "texture": "#4"},
				"up": {"uv": [1.75, 0, 0, 0], "texture": "#4"},
				"down": {"uv": [1.75, 0, 0, 0], "texture": "#4"}
			}
		},
		{
			"from": [6, 0, 2],
			"to": [13, 7, 2],
			"rotation": {"angle": 22.5, "axis": "x", "origin": [9, 0, 0]},
			"faces": {
				"north": {"uv": [8, 0, 9.75, 1.75], "texture": "#4"},
				"east": {"uv": [0, 0, 0, 1.75], "texture": "#4"},
				"south": {"uv": [9.75, 0, 8, 1.75], "texture": "#4"},
				"west": {"uv": [0, 0, 0, 1.75], "texture": "#4"},
				"up": {"uv": [1.75, 0, 0, 0], "texture": "#4"},
				"down": {"uv": [1.75, 0, 0, 0], "texture": "#4"}
			}
		},
		{
			"from": [9, -3, 0],
			"to": [12, 0, 2],
			"rotation": {"angle": -22.5, "axis": "y", "origin": [10, -3, 0]},
			"faces": {
				"north": {"uv": [8.5, 3.25, 9.25, 4], "texture": "#4"},
				"east": {"uv": [9.25, 2.5, 9.75, 3.25], "texture": "#4"},
				"south": {"uv": [8.5, 4, 9.25, 4.75], "texture": "#4"},
				"west": {"uv": [9.25, 3.25, 9.75, 4], "texture": "#4"},
				"up": {"uv": [10, 4.5, 9.25, 4], "texture": "#4"},
				"down": {"uv": [6, 9.25, 5.25, 9.75], "texture": "#4"}
			}
		},
		{
			"from": [-0.2, 0.2, 2.1],
			"to": [8.2, 7, 2.1],
			"rotation": {"angle": 0, "axis": "y", "origin": [0, -1, 2.1]},
			"faces": {
				"north": {"uv": [6, 4, 8, 5.75], "texture": "#4"},
				"east": {"uv": [0, 0, 0, 1.75], "texture": "#4"},
				"south": {"uv": [6, 5.75, 8, 7.5], "texture": "#4"},
				"west": {"uv": [0, 0, 0, 1.75], "texture": "#4"},
				"up": {"uv": [2, 0, 0, 0], "texture": "#4"},
				"down": {"uv": [2, 0, 0, 0], "texture": "#4"}
			}
		},
		{
			"from": [-0.8, 0.2, 2.1],
			"to": [-0.2, 2, 2.1],
			"rotation": {"angle": 0, "axis": "y", "origin": [-9, -1, 2.1]},
			"faces": {
				"north": {"uv": [7.25, 9.25, 7.5, 9.75], "texture": "#4"},
				"east": {"uv": [0, 0, 0, 0.5], "texture": "#4"},
				"south": {"uv": [7.5, 9.25, 7.75, 9.75], "texture": "#4"},
				"west": {"uv": [0, 0, 0, 0.5], "texture": "#4"},
				"up": {"uv": [0.25, 0, 0, 0], "texture": "#4"},
				"down": {"uv": [0.25, 0, 0, 0], "texture": "#4"}
			}
		},
		{
			"from": [8.2, 0.2, 2.1],
			"to": [9.2, 2, 2.1],
			"rotation": {"angle": 0, "axis": "y", "origin": [0, -1, 2.1]},
			"faces": {
				"north": {"uv": [9.25, 5.25, 9.5, 5.75], "texture": "#4"},
				"east": {"uv": [0, 0, 0, 0.5], "texture": "#4"},
				"south": {"uv": [7, 9.25, 7.25, 9.75], "texture": "#4"},
				"west": {"uv": [0, 0, 0, 0.5], "texture": "#4"},
				"up": {"uv": [0.25, 0, 0, 0], "texture": "#4"},
				"down": {"uv": [0.25, 0, 0, 0], "texture": "#4"}
			}
		}
	],
	"display": {
		"gui": {
			"rotation": [179.67, -34.65, 159.29],
			"translation": [-7.5, 4, 0]
		},
		"head": {
			"translation": [7.25, 7.5, 7.25],
			"scale": [1.74414, 1.74414, 1.74414]
		}
	}
}