{
	"credit": "Made with Blockbench",
	"textures": {
		"1": "./halo",
		"particle": "./halo"
	},
	"elements": [
		{
			"from": [0, 0, 5],
			"to": [2, 1, 11],
			"rotation": {"angle": 0, "axis": "y", "origin": [11.5, 1, 11.5]},
			"faces": {
				"north": {"uv": [12, 8, 14, 9], "texture": "#1"},
				"east": {"uv": [6, 8, 12, 9], "texture": "#1"},
				"south": {"uv": [12, 9, 14, 10], "texture": "#1"},
				"west": {"uv": [6, 9, 12, 10], "texture": "#1"},
				"up": {"uv": [2, 6, 0, 0], "texture": "#1"},
				"down": {"uv": [4, 0, 2, 6], "texture": "#1"}
			}
		},
		{
			"from": [-0.425, 0, 4],
			"to": [1.575, 1, 6],
			"rotation": {"angle": -45, "axis": "y", "origin": [1, 1, 6]},
			"faces": {
				"north": {"uv": [12, 11, 14, 12], "texture": "#1"},
				"east": {"uv": [12, 12, 14, 13], "texture": "#1"},
				"south": {"uv": [2, 13, 4, 14], "texture": "#1"},
				"west": {"uv": [4, 13, 6, 14], "texture": "#1"},
				"up": {"uv": [4, 13, 2, 11], "texture": "#1"},
				"down": {"uv": [6, 11, 4, 13], "texture": "#1"}
			}
		},
		{
			"from": [1.39948, 0, 3.56789],
			"to": [7.39948, 1, 5.56789],
			"rotation": {"angle": 0, "axis": "y", "origin": [5.90329, 1, 4.77119]},
			"faces": {
				"north": {"uv": [10, 0, 16, 1], "texture": "#1"},
				"east": {"uv": [6, 13, 8, 14], "texture": "#1"},
				"south": {"uv": [10, 1, 16, 2], "texture": "#1"},
				"west": {"uv": [8, 13, 10, 14], "texture": "#1"},
				"up": {"uv": [10, 2, 4, 0], "texture": "#1"},
				"down": {"uv": [10, 2, 4, 4], "texture": "#1"}
			}
		},
		{
			"from": [5.8229, 0, 4.97829],
			"to": [7.8229, 1, 6.97829],
			"rotation": {"angle": 45, "axis": "y", "origin": [5.90329, 1, 4.77119]},
			"faces": {
				"north": {"uv": [10, 13, 12, 14], "texture": "#1"},
				"east": {"uv": [12, 13, 14, 14], "texture": "#1"},
				"south": {"uv": [0, 14, 2, 15], "texture": "#1"},
				"west": {"uv": [2, 14, 4, 15], "texture": "#1"},
				"up": {"uv": [8, 13, 6, 11], "texture": "#1"},
				"down": {"uv": [10, 11, 8, 13], "texture": "#1"}
			}
		},
		{
			"from": [6.83211, 0, 4.99289],
			"to": [8.83211, 1, 10.99289],
			"rotation": {"angle": 0, "axis": "y", "origin": [4.62855, 1, 9.70895]},
			"faces": {
				"north": {"uv": [4, 14, 6, 15], "texture": "#1"},
				"east": {"uv": [2, 10, 8, 11], "texture": "#1"},
				"south": {"uv": [14, 4, 16, 5], "texture": "#1"},
				"west": {"uv": [10, 2, 16, 3], "texture": "#1"},
				"up": {"uv": [6, 10, 4, 4], "texture": "#1"},
				"down": {"uv": [2, 6, 0, 12], "texture": "#1"}
			}
		},
		{
			"from": [6.51959, 0, 7.64447],
			"to": [8.51959, 1, 9.64447],
			"rotation": {"angle": -45, "axis": "y", "origin": [4.62855, 1, 9.70895]},
			"faces": {
				"north": {"uv": [14, 5, 16, 6], "texture": "#1"},
				"east": {"uv": [6, 14, 8, 15], "texture": "#1"},
				"south": {"uv": [14, 6, 16, 7], "texture": "#1"},
				"west": {"uv": [14, 7, 16, 8], "texture": "#1"},
				"up": {"uv": [12, 13, 10, 11], "texture": "#1"},
				"down": {"uv": [2, 12, 0, 14], "texture": "#1"}
			}
		},
		{
			"from": [1.43263, 0, 10.425],
			"to": [7.43263, 1, 12.425],
			"rotation": {"angle": 0, "axis": "y", "origin": [4.62855, 1, 9.70895]},
			"faces": {
				"north": {"uv": [10, 3, 16, 4], "texture": "#1"},
				"east": {"uv": [8, 14, 10, 15], "texture": "#1"},
				"south": {"uv": [8, 10, 14, 11], "texture": "#1"},
				"west": {"uv": [14, 8, 16, 9], "texture": "#1"},
				"up": {"uv": [12, 6, 6, 4], "texture": "#1"},
				"down": {"uv": [12, 6, 6, 8], "texture": "#1"}
			}
		},
		{
			"from": [2.28923, 0, 11.90013],
			"to": [4.28923, 1, 13.90013],
			"rotation": {"angle": -45, "axis": "y", "origin": [4.62855, 1, 9.70895]},
			"faces": {
				"north": {"uv": [12, 4, 14, 5], "texture": "#1"},
				"east": {"uv": [12, 5, 14, 6], "texture": "#1"},
				"south": {"uv": [12, 6, 14, 7], "texture": "#1"},
				"west": {"uv": [12, 7, 14, 8], "texture": "#1"},
				"up": {"uv": [4, 8, 2, 6], "texture": "#1"},
				"down": {"uv": [4, 8, 2, 10], "texture": "#1"}
			}
		}
	],
	"display": {
		"gui": {
			"rotation": [28.23, 28.81, -7.27],
			"translation": [5.75, 9.5, 0],
			"scale": [1.42188, 1.42188, 1.42188]
		},
		"head": {
			"translation": [4.5, 18, 0],
			"scale": [1.25, 1.25, 1.25]
		}
	}
}