{
	"credit": "Made with Blockbench",
	"texture_size": [64, 64],
	"textures": {
		"0": "./hat",
		"particle": "./hat"
	},
	"elements": [
		{
			"from": [1, 12, 1],
			"to": [15, 14, 15],
			"faces": {
				"north": {"uv": [10, 2.5, 13.5, 3], "texture": "#0"},
				"east": {"uv": [10, 2.5, 13.5, 3], "texture": "#0"},
				"south": {"uv": [10, 2.5, 13.5, 3], "texture": "#0"},
				"west": {"uv": [10, 2.5, 13.5, 3], "texture": "#0"},
				"up": {"uv": [3.5, 3.5, 0, 0], "texture": "#0"},
				"down": {"uv": [3.5, 3.5, 0, 7], "texture": "#0"}
			}
		},
		{
			"from": [3, 14, 3],
			"to": [13, 32, 13],
			"faces": {
				"north": {"uv": [3.5, 6, 6, 10.5], "texture": "#0"},
				"east": {"uv": [3.5, 6, 6, 10.5], "texture": "#0"},
				"south": {"uv": [3.5, 6, 6, 10.5], "texture": "#0"},
				"west": {"uv": [3.5, 6, 6, 10.5], "texture": "#0"},
				"up": {"uv": [11, 7, 8.5, 4.5], "texture": "#0"},
				"down": {"uv": [11, 7, 8.5, 9.5], "texture": "#0"}
			}
		},
		{
			"from": [2.9, 14.4, 2.9],
			"to": [13.1, 16, 13.1],
			"faces": {
				"north": {"uv": [2.5, 10.5, 5, 11], "texture": "#0"},
				"east": {"uv": [2.5, 10.5, 5, 11], "texture": "#0"},
				"south": {"uv": [2.5, 10.5, 5, 11], "texture": "#0"},
				"west": {"uv": [2.5, 10.5, 5, 11], "texture": "#0"},
				"up": {"uv": [11, 12, 8.5, 9.5], "texture": "#0"},
				"down": {"uv": [12.5, 0, 10, 2.5], "texture": "#0"}
			}
		},
		{
			"from": [0, 0, 1],
			"to": [16, 12, 1],
			"faces": {
				"north": {"uv": [3.5, 0, 7.5, 3], "texture": "#0"},
				"east": {"uv": [0, 0, 0, 3], "texture": "#0"},
				"south": {"uv": [3.5, 3, 7.5, 6], "texture": "#0"},
				"west": {"uv": [0, 0, 0, 3], "texture": "#0"},
				"up": {"uv": [4, 0, 0, 0], "texture": "#0"},
				"down": {"uv": [4, 0, 0, 0], "texture": "#0"}
			}
		}
	],
	"display": {
		"gui": {
			"rotation": [167.63, -34.6, 158.86],
			"translation": [0, -5.5, 0],
			"scale": [0.51367, 0.51367, 0.51367]
		},
		"head": {
			"translation": [0, -4.25, 0],
			"scale": [1.33789, 1.33789, 1.33789]
		}
	}
}