{
	"credit": "Made with Blockbench",
	"texture_size": [64, 64],
	"textures": {
		"1": "./monk_symbol",
		"particle": "./monk_symbol"
	},
	"elements": [
		{
			"from": [-4, -4, 2],
			"to": [20, 20, 2],
			"rotation": {"angle": 0, "axis": "y", "origin": [8, 8, 2]},
			"faces": {
				"north": {"uv": [0, 0, 6, 6], "texture": "#1"},
				"east": {"uv": [0, 0, 0, 6], "texture": "#1"},
				"south": {"uv": [0, 6, 6, 12], "texture": "#1"},
				"west": {"uv": [0, 0, 0, 6], "texture": "#1"},
				"up": {"uv": [6, 0, 0, 0], "texture": "#1"},
				"down": {"uv": [6, 0, 0, 0], "texture": "#1"}
			}
		}
	],
	"display": {
		"gui": {
			"rotation": [-25, 38, 0],
			"translation": [1.75, 1.25, 0],
			"scale": [0.57813, 0.57813, 0.57813]
		},
		"head": {
			"translation": [0.75, -1, 17.5],
			"scale": [1.55469, 1.55469, 1.55469]
		}
	}
}