{
	"credit": "Made with Blockbench",
	"texture_size": [32, 32],
	"textures": {
		"0": "./monk_hat",
		"particle": "./monk_hat"
	},
	"elements": [
		{
			"from": [0, 0, 0],
			"to": [8, 2, 8],
			"rotation": {"angle": 0, "axis": "y", "origin": [0, 0, 7]},
			"faces": {
				"north": {"uv": [6, 6.5, 8, 7], "texture": "#0"},
				"east": {"uv": [6, 6.5, 8, 7], "texture": "#0"},
				"south": {"uv": [6, 6.5, 8, 7], "texture": "#0"},
				"west": {"uv": [6, 6.5, 8, 7], "texture": "#0"},
				"up": {"uv": [4, 2, 2, 0], "texture": "#0"},
				"down": {"uv": [4, 2, 2, 4], "texture": "#0"}
			}
		},
		{
			"from": [1, 2, 1],
			"to": [7, 6, 7],
			"rotation": {"angle": 0, "axis": "y", "origin": [0, 2, 7]},
			"faces": {
				"north": {"uv": [5.5, 2, 7, 3], "texture": "#0"},
				"east": {"uv": [5.5, 0, 7, 1], "texture": "#0"},
				"south": {"uv": [5.5, 1, 7, 2], "texture": "#0"},
				"west": {"uv": [5.5, 2, 7, 3], "texture": "#0"},
				"up": {"uv": [1.5, 5.5, 0, 4], "texture": "#0"},
				"down": {"uv": [7, 3, 4, 6], "texture": "#0"}
			}
		},
		{
			"from": [0.9, 2.1, 0.9],
			"to": [7.1, 3.1, 7.1],
			"rotation": {"angle": 0, "axis": "y", "origin": [0, 2.1, 7.1]},
			"faces": {
				"north": {"uv": [7, 1.75, 8.5, 2], "texture": "#0"},
				"east": {"uv": [7, 1.5, 8.5, 1.75], "texture": "#0"},
				"south": {"uv": [7, 1.25, 8.5, 1.5], "texture": "#0"},
				"west": {"uv": [7, 1, 8.5, 1.25], "texture": "#0"},
				"up": {"uv": [3, 5.5, 1.5, 4], "texture": "#0"},
				"down": {"uv": [3, 4, 1.5, 5.5], "texture": "#0"}
			}
		},
		{
			"name": "cube_outline",
			"from": [7.1, 6.1, 7.1],
			"to": [0.9, 1.9, 0.9],
			"rotation": {"angle": 0, "axis": "y", "origin": [0, 2, 7]},
			"faces": {
				"north": {"uv": [10, 9, 13, 11], "rotation": 180, "texture": "#0"},
				"east": {"uv": [10, 9, 13, 11], "rotation": 180, "texture": "#0"},
				"south": {"uv": [10, 9, 13, 11], "rotation": 180, "texture": "#0"},
				"west": {"uv": [10, 9, 13, 11], "rotation": 180, "texture": "#0"},
				"up": {"uv": [16, 10, 13, 13], "rotation": 180, "texture": "#0"},
				"down": {"uv": [16, 10, 13, 7], "rotation": 180, "texture": "#0"}
			}
		},
		{
			"name": "cube_outline",
			"from": [7.2, 3.2, 7.2],
			"to": [0.8, 2, 0.8],
			"rotation": {"angle": 0, "axis": "y", "origin": [0, 2.1, 7.1]},
			"faces": {
				"north": {"uv": [13, 8.5, 16, 9], "rotation": 180, "texture": "#0"},
				"east": {"uv": [13, 8.5, 16, 9], "rotation": 180, "texture": "#0"},
				"south": {"uv": [13, 8.5, 16, 9], "rotation": 180, "texture": "#0"},
				"west": {"uv": [13, 8.5, 16, 9], "rotation": 180, "texture": "#0"},
				"up": {"uv": [16, 13, 13, 16], "rotation": 180, "texture": "#0"},
				"down": {"uv": [16, 16, 13, 13], "rotation": 180, "texture": "#0"}
			}
		},
		{
			"name": "cube_outline",
			"from": [8.1, 2.1, 8.1],
			"to": [-0.1, -0.1, -0.1],
			"rotation": {"angle": 0, "axis": "y", "origin": [0, 0, 7]},
			"faces": {
				"north": {"uv": [6, 15, 10, 16], "rotation": 180, "texture": "#0"},
				"east": {"uv": [6, 15, 10, 16], "rotation": 180, "texture": "#0"},
				"south": {"uv": [6, 15, 10, 16], "rotation": 180, "texture": "#0"},
				"west": {"uv": [6, 15, 10, 16], "rotation": 180, "texture": "#0"},
				"up": {"uv": [13, 7, 9, 11], "rotation": 180, "texture": "#0"},
				"down": {"uv": [13, 11, 9, 7], "rotation": 180, "texture": "#0"}
			}
		}
	],
	"display": {
		"thirdperson_righthand": {
			"rotation": [17.63, -4.45, 5.29],
			"translation": [3.25, 6.25, 6.75]
		},
		"gui": {
			"rotation": [-171.7, 57.31, 157.18],
			"translation": [0.25, 6.25, 0],
			"scale": [1.4375, 1.4375, 1.4375]
		},
		"head": {
			"rotation": [8.95, -2.27, -6.68],
			"translation": [10.25, 15.25, 10.5],
			"scale": [1.93164, 1.93164, 1.93164]
		}
	}
}