{
	"credit": "Made with Blockbench",
	"texture_size": [32, 32],
	"textures": {
		"0": "./noob_plushie",
		"particle": "./noob_plushie"
	},
	"elements": [
		{
			"from": [5, 2, -2],
			"to": [7, 4, 2],
			"rotation": {"angle": 22.5, "axis": "y", "origin": [5, 4, -2]},
			"faces": {
				"north": {"uv": [8, 8, 7, 9], "rotation": 180, "texture": "#0"},
				"east": {"uv": [6, 6, 7, 8], "rotation": 270, "texture": "#0"},
				"south": {"uv": [9, 7, 8, 6], "texture": "#0"},
				"west": {"uv": [1, 6.5, 2, 8.5], "rotation": 90, "texture": "#0"},
				"up": {"uv": [5, 6, 6, 8], "rotation": 180, "texture": "#0"},
				"down": {"uv": [0, 6.5, 1, 8.5], "texture": "#0"}
			}
		},
		{
			"from": [9, 2, -3],
			"to": [11, 4, 1],
			"rotation": {"angle": -22.5, "axis": "y", "origin": [9, 4, -3]},
			"faces": {
				"north": {"uv": [9, 8, 8, 9], "rotation": 180, "texture": "#0"},
				"east": {"uv": [2, 7, 3, 9], "rotation": 270, "texture": "#0"},
				"south": {"uv": [9, 8, 8, 7], "texture": "#0"},
				"west": {"uv": [3, 7, 4, 9], "rotation": 90, "texture": "#0"},
				"up": {"uv": [7, 0, 8, 2], "rotation": 180, "texture": "#0"},
				"down": {"uv": [7, 2, 8, 4], "texture": "#0"}
			}
		},
		{
			"from": [6, 4, 0],
			"to": [10, 9, 2],
			"rotation": {"angle": 0, "axis": "y", "origin": [8, 3, 0]},
			"faces": {
				"north": {"uv": [0, 0, 2, 2.5], "texture": "#0"},
				"east": {"uv": [2, 4.5, 3, 7], "texture": "#0"},
				"south": {"uv": [0, 0, 2, 2.5], "texture": "#0"},
				"west": {"uv": [3, 4.5, 4, 7], "texture": "#0"},
				"up": {"uv": [9, 5, 7, 4], "texture": "#0"},
				"down": {"uv": [9, 5, 7, 6], "texture": "#0"}
			}
		},
		{
			"from": [6, 9, -1],
			"to": [10, 13, 3],
			"rotation": {"angle": 0, "axis": "y", "origin": [8, 9, 0]},
			"faces": {
				"north": {"uv": [0, 2.5, 2, 4.5], "texture": "#0"},
				"east": {"uv": [4, 2, 6, 4], "texture": "#0"},
				"south": {"uv": [4, 2, 6, 4], "texture": "#0"},
				"west": {"uv": [4, 2, 6, 4], "texture": "#0"},
				"up": {"uv": [6, 4, 4, 2], "texture": "#0"},
				"down": {"uv": [6, 2, 4, 4], "texture": "#0"}
			}
		},
		{
			"from": [10, 5, 0],
			"to": [12, 9, 2],
			"rotation": {"angle": 0, "axis": "y", "origin": [12, 3, 0]},
			"faces": {
				"north": {"uv": [7, 6, 8, 8], "texture": "#0"},
				"east": {"uv": [7, 6, 8, 8], "texture": "#0"},
				"south": {"uv": [7, 6, 8, 8], "texture": "#0"},
				"west": {"uv": [7, 6, 8, 8], "texture": "#0"},
				"up": {"uv": [1, 9.5, 0, 8.5], "texture": "#0"},
				"down": {"uv": [2, 8.5, 1, 9.5], "texture": "#0"}
			}
		},
		{
			"from": [4, 5, 0],
			"to": [6, 9, 2],
			"rotation": {"angle": 0, "axis": "y", "origin": [6, 3, 0]},
			"faces": {
				"north": {"uv": [6, 0, 7, 2], "texture": "#0"},
				"east": {"uv": [6, 0, 7, 2], "texture": "#0"},
				"south": {"uv": [6, 0, 7, 2], "texture": "#0"},
				"west": {"uv": [6, 0, 7, 2], "texture": "#0"},
				"up": {"uv": [6, 9, 5, 8], "texture": "#0"},
				"down": {"uv": [7, 8, 6, 9], "texture": "#0"}
			}
		}
	],
	"display": {
		"gui": {
			"rotation": [145.91, -19.62, 155.93],
			"translation": [-3, -3.25, 0]
		},
		"head": {
			"translation": [-9.25, -3.25, 5.75],
			"scale": [0.75781, 0.75781, 0.75781]
		}
	}
}