{
	"credit": "Made with Blockbench",
	"texture_size": [256, 256],
	"textures": {
		"0": "./pentagram",
		"particle": "./pentagram"
	},
	"elements": [
		{
			"from": [-16, 0, -16],
			"to": [32, 0, 32],
			"rotation": {"angle": 0, "axis": "y", "origin": [8, 0, 8]},
			"faces": {
				"north": {"uv": [0, 0, 3, 0], "texture": "#0"},
				"east": {"uv": [0, 0, 3, 0], "texture": "#0"},
				"south": {"uv": [0, 0, 3, 0], "texture": "#0"},
				"west": {"uv": [0, 0, 3, 0], "texture": "#0"},
				"up": {"uv": [3, 3, 0, 0], "texture": "#0"},
				"down": {"uv": [3, 0, 0, 3], "texture": "#0"}
			}
		},
		{
			"from": [32, 0, -16],
			"to": [32, 18, 32],
			"rotation": {"angle": 0, "axis": "y", "origin": [8, 9, 8]},
			"faces": {
				"north": {"uv": [0, 0, 0, 1.125], "texture": "#0"},
				"east": {"uv": [3, 0, 6, 1.125], "texture": "#0"},
				"south": {"uv": [0, 0, 0, 1.125], "texture": "#0"},
				"west": {"uv": [3, 0, 6, 1.125], "texture": "#0"},
				"up": {"uv": [0, 3, 0, 0], "texture": "#0"},
				"down": {"uv": [0, 0, 0, 3], "texture": "#0"}
			}
		},
		{
			"from": [-16, 0, -16],
			"to": [-16, 18, 32],
			"rotation": {"angle": 0, "axis": "y", "origin": [8, 9, 8]},
			"faces": {
				"north": {"uv": [0, 0, 0, 1.125], "texture": "#0"},
				"east": {"uv": [3, 0, 6, 1.125], "texture": "#0"},
				"south": {"uv": [0, 0, 0, 1.125], "texture": "#0"},
				"west": {"uv": [3, 0, 6, 1.125], "texture": "#0"},
				"up": {"uv": [0, 3, 0, 0], "texture": "#0"},
				"down": {"uv": [0, 0, 0, 3], "texture": "#0"}
			}
		},
		{
			"from": [-16, 0, -16],
			"to": [32, 18, -16],
			"rotation": {"angle": 0, "axis": "y", "origin": [8, 9, 8]},
			"faces": {
				"north": {"uv": [6, 0, 3, 1.125], "texture": "#0"},
				"east": {"uv": [0, 0, 0, 1.125], "texture": "#0"},
				"south": {"uv": [3, 0, 6, 1.125], "texture": "#0"},
				"west": {"uv": [0, 0, 0, 1.125], "texture": "#0"},
				"up": {"uv": [0, 3, 0, 0], "rotation": 90, "texture": "#0"},
				"down": {"uv": [0, 0, 0, 3], "rotation": 270, "texture": "#0"}
			}
		},
		{
			"from": [-16, 0, 32],
			"to": [32, 18, 32],
			"rotation": {"angle": 0, "axis": "y", "origin": [8, 9, 8]},
			"faces": {
				"north": {"uv": [3, 0, 6, 1.125], "texture": "#0"},
				"east": {"uv": [0, 0, 0, 1.125], "texture": "#0"},
				"south": {"uv": [6, 0, 3, 1.125], "texture": "#0"},
				"west": {"uv": [0, 0, 0, 1.125], "texture": "#0"},
				"up": {"uv": [0, 3, 0, 0], "rotation": 90, "texture": "#0"},
				"down": {"uv": [0, 0, 0, 3], "rotation": 270, "texture": "#0"}
			}
		}
	],
	"display": {
		"gui": {
			"rotation": [-102.68, -14.76, -161.99],
			"translation": [0.25, 0, 0],
			"scale": [0.34766, 0.34766, 0.34766]
		},
		"head": {
			"translation": [0, -37, 0]
		}
	}
}