{
	"credit": "Made with Blockbench",
	"textures": {
		"0": "./pride_flag",
		"particle": "./pride_flag"
	},
	"elements": [
		{
			"from": [1, 0, 5],
			"to": [2, 14, 6],
			"faces": {
				"north": {"uv": [9, 0, 10, 14], "texture": "#0"},
				"east": {"uv": [9, 0, 10, 14], "texture": "#0"},
				"south": {"uv": [9, 0, 10, 14], "texture": "#0"},
				"west": {"uv": [9, 0, 10, 14], "texture": "#0"},
				"up": {"uv": [1, 13, 0, 12], "texture": "#0"},
				"down": {"uv": [13, 0, 12, 1], "texture": "#0"}
			}
		},
		{
			"from": [1.5, 7.5, 6],
			"to": [1.5, 13.5, 14],
			"faces": {
				"north": {"uv": [0, 0, 0, 6], "texture": "#0"},
				"east": {"uv": [0, 6, 8, 12], "texture": "#0"},
				"south": {"uv": [0, 0, 0, 6], "texture": "#0"},
				"west": {"uv": [0, 6, 8, 12], "texture": "#0"},
				"up": {"uv": [0, 8, 0, 0], "texture": "#0"},
				"down": {"uv": [0, 0, 0, 8], "texture": "#0"}
			}
		}
	],
	"display": {
		"gui": {
			"rotation": [-71.67, 65.65, 36.62],
			"translation": [1.5, -2.5, 0]
		},
		"head": {
			"rotation": [35.25, 0, 0],
			"translation": [1.25, -5.75, 2.75],
			"scale": [1.29688, 1.29688, 1.29688]
		}
	}
}