{
	"credit": "Made with Blockbench",
	"texture_size": [64, 64],
	"textures": {
		"0": "./reaper_scythe",
		"particle": "./reaper_scythe"
	},
	"elements": [
		{
			"from": [7, 0, 7],
			"to": [9, 32, 9],
			"rotation": {"angle": 0, "axis": "x", "origin": [7, 0, 7]},
			"faces": {
				"north": {"uv": [10.25, 0, 10.75, 8], "texture": "#0"},
				"east": {"uv": [10.75, 0, 10.25, 8], "texture": "#0"},
				"south": {"uv": [10.25, 0, 10.75, 8], "texture": "#0"},
				"west": {"uv": [10.75, 0, 10.25, 8], "texture": "#0"},
				"up": {"uv": [11.25, 0.5, 10.75, 0], "texture": "#0"},
				"down": {"uv": [11.25, 0.5, 10.75, 1], "texture": "#0"}
			}
		},
		{
			"from": [-7, 9, 8],
			"to": [32, 32, 8],
			"rotation": {"angle": 0, "axis": "x", "origin": [9, 0, 8]},
			"faces": {
				"north": {"uv": [9.75, 0, 0, 5.75], "texture": "#0"},
				"east": {"uv": [0, 0, 0, 5.75], "texture": "#0"},
				"south": {"uv": [0, 0, 9.75, 5.75], "texture": "#0"},
				"west": {"uv": [0, 0, 0, 5.75], "texture": "#0"},
				"up": {"uv": [9.75, 0, 0, 0], "texture": "#0"},
				"down": {"uv": [9.75, 0, 0, 0], "texture": "#0"}
			}
		}
	],
	"display": {
		"thirdperson_righthand": {
			"rotation": [-42.07, 87, 58.7],
			"translation": [0, -1.5, 1.25]
		},
		"gui": {
			"rotation": [42.8, -40.47, 38.6],
			"translation": [1.5, -3.75, 0],
			"scale": [0.5293, 0.5293, 0.5293]
		},
		"head": {
			"rotation": [0, 0, 41.5],
			"translation": [5, -21.75, 4.25],
			"scale": [1.48047, 1.48047, 1.48047]
		}
	}
}