{
	"credit": "Made with Blockbench",
	"texture_size": [64, 64],
	"textures": {
		"0": "./skeleton_mask",
		"particle": "./skeleton_mask"
	},
	"elements": [
		{
			"from": [0, 0, 0],
			"to": [16, 16, 2],
			"faces": {
				"north": {"uv": [0, 0, 2, 2], "texture": "#0"},
				"east": {"uv": [0, 8, 0.25, 10], "texture": "#0"},
				"south": {"uv": [0, 0, 2, 2], "texture": "#0"},
				"west": {"uv": [0, 8, 0.25, 10], "texture": "#0"},
				"up": {"uv": [9, 8.25, 7, 8], "texture": "#0"},
				"down": {"uv": [9, 8, 7, 8.25], "texture": "#0"}
			}
		},
		{
			"from": [16, 0, 2],
			"to": [16, 16, 16],
			"rotation": {"angle": 0, "axis": "y", "origin": [0, 0, 2]},
			"faces": {
				"north": {"uv": [0, 0, 0, 4], "texture": "#0"},
				"east": {"uv": [7.5, 4, 9.25, 6], "texture": "#0"},
				"south": {"uv": [0, 0, 0, 4], "texture": "#0"},
				"west": {"uv": [7.5, 4, 9.25, 6], "texture": "#0"},
				"up": {"uv": [0, 3.5, 0, 0], "texture": "#0"},
				"down": {"uv": [0, 0, 0, 3.5], "texture": "#0"}
			}
		},
		{
			"from": [0, 0, 16],
			"to": [16, 16, 16],
			"rotation": {"angle": 0, "axis": "y", "origin": [0, 0, 2]},
			"faces": {
				"north": {"uv": [13, 5, 15, 7], "texture": "#0"},
				"east": {"uv": [7.5, 4, 9.25, 6], "texture": "#0"},
				"south": {"uv": [13, 5, 15, 7], "texture": "#0"},
				"west": {"uv": [7.5, 4, 9.25, 6], "texture": "#0"},
				"up": {"uv": [0, 3.5, 0, 0], "texture": "#0"},
				"down": {"uv": [0, 0, 0, 3.5], "texture": "#0"}
			}
		},
		{
			"from": [0, 0, 2],
			"to": [0, 16, 16],
			"rotation": {"angle": 0, "axis": "y", "origin": [-16, 0, 2]},
			"faces": {
				"north": {"uv": [0, 0, 0, 4], "texture": "#0"},
				"east": {"uv": [7.5, 4, 9.25, 6], "texture": "#0"},
				"south": {"uv": [0, 0, 0, 4], "texture": "#0"},
				"west": {"uv": [7.5, 4, 9.25, 6], "texture": "#0"},
				"up": {"uv": [0, 3.5, 0, 0], "texture": "#0"},
				"down": {"uv": [0, 0, 0, 3.5], "texture": "#0"}
			}
		}
	],
	"display": {
		"thirdperson_righthand": {
			"rotation": [75, 45, 0],
			"translation": [0, 2.5, 0],
			"scale": [0.375, 0.375, 0.375]
		},
		"thirdperson_lefthand": {
			"rotation": [75, 45, 0],
			"translation": [0, 2.5, 0],
			"scale": [0.375, 0.375, 0.375]
		},
		"firstperson_righthand": {
			"rotation": [0, 45, 0],
			"scale": [0.4, 0.4, 0.4]
		},
		"firstperson_lefthand": {
			"rotation": [0, 225, 0],
			"scale": [0.4, 0.4, 0.4]
		},
		"gui": {
			"rotation": [-155.25, -30.25, 180],
			"translation": [0, 0.75, 0],
			"scale": [0.63086, 0.63086, 0.63086]
		},
		"head": {
			"translation": [0, 0, 0.25],
			"scale": [0.93164, 0.93164, 0.93164]
		}
	}
}