{
	"credit": "Made with Blockbench",
	"texture_size": [64, 64],
	"textures": {
		"0": "item/special/snow_cube",
		"particle": "item/special/snow_cube"
	},
	"elements": [
		{
			"from": [8, 2, 2],
			"to": [8, 10, 14],
			"rotation": {"angle": 0, "axis": "x", "origin": [8, 5, 8]},
			"faces": {
				"north": {"uv": [0, 0, 0, 2], "texture": "#0"},
				"east": {"uv": [8.75, 0, 5.75, 2], "texture": "#0"},
				"south": {"uv": [0, 0, 0, 2], "texture": "#0"},
				"west": {"uv": [5.5, 0, 8.5, 2], "texture": "#0"},
				"up": {"uv": [0, 3, 0, 0], "texture": "#0"},
				"down": {"uv": [0, 0, 0, 3], "texture": "#0"}
			}
		},
		{
			"from": [2, 2, 8],
			"to": [14, 10, 8],
			"rotation": {"angle": 0, "axis": "x", "origin": [8, 5, 8]},
			"faces": {
				"north": {"uv": [5.5, 2, 8.5, 4], "texture": "#0"},
				"east": {"uv": [0, 0, 0, 2], "texture": "#0"},
				"south": {"uv": [8.5, 2, 5.5, 4], "texture": "#0"},
				"west": {"uv": [0, 0, 0, 2], "texture": "#0"},
				"up": {"uv": [3, 0, 0, 0], "texture": "#0"},
				"down": {"uv": [3, 0, 0, 0], "texture": "#0"}
			}
		},
		{
			"from": [2, 0, 2],
			"to": [14, 2, 14],
			"rotation": {"angle": 0, "axis": "x", "origin": [8, 5, 8]},
			"faces": {
				"north": {"uv": [8.5, 4, 11.5, 4.5], "texture": "#0"},
				"east": {"uv": [8.5, 4, 11.5, 4.5], "texture": "#0"},
				"south": {"uv": [8.5, 4, 11.5, 4.5], "texture": "#0"},
				"west": {"uv": [8.5, 4, 11.5, 4.5], "texture": "#0"},
				"up": {"uv": [3, 3, 0, 0], "texture": "#0"},
				"down": {"uv": [3, 0, 0, 3], "texture": "#0"}
			}
		},
		{
			"from": [3, 2, 3],
			"to": [3, 10, 13],
			"rotation": {"angle": 0, "axis": "x", "origin": [8, 5, 8]},
			"faces": {
				"north": {"uv": [0, 0, 0, 2], "texture": "#0"},
				"east": {"uv": [3, 7, 5.5, 9], "texture": "#0"},
				"south": {"uv": [0, 0, 0, 2], "texture": "#0"},
				"west": {"uv": [11, 2, 8.5, 4], "texture": "#0"},
				"up": {"uv": [0, 2.5, 0, 0], "texture": "#0"},
				"down": {"uv": [0, 0, 0, 2.5], "texture": "#0"}
			}
		},
		{
			"from": [13, 2, 3],
			"to": [13, 10, 13],
			"rotation": {"angle": 0, "axis": "x", "origin": [8, 5, 8]},
			"faces": {
				"north": {"uv": [0, 0, 0, 2], "texture": "#0"},
				"east": {"uv": [8.5, 2, 11, 4], "texture": "#0"},
				"south": {"uv": [0, 0, 0, 2], "texture": "#0"},
				"west": {"uv": [8, 8, 10.5, 10], "texture": "#0"},
				"up": {"uv": [0, 2.5, 0, 0], "texture": "#0"},
				"down": {"uv": [0, 0, 0, 2.5], "texture": "#0"}
			}
		},
		{
			"from": [3, 2, 13],
			"to": [13, 10, 13],
			"rotation": {"angle": 0, "axis": "x", "origin": [8, 5, 8]},
			"faces": {
				"north": {"uv": [8.5, 0, 11, 2], "texture": "#0"},
				"east": {"uv": [0, 0, 0, 2], "texture": "#0"},
				"south": {"uv": [8.5, 2, 11, 4], "texture": "#0"},
				"west": {"uv": [0, 0, 0, 2], "texture": "#0"},
				"up": {"uv": [2.5, 0, 0, 0], "texture": "#0"},
				"down": {"uv": [2.5, 0, 0, 0], "texture": "#0"}
			}
		},
		{
			"from": [3, 10, 3],
			"to": [13, 10, 13],
			"rotation": {"angle": 0, "axis": "x", "origin": [8, 5, 8]},
			"faces": {
				"north": {"uv": [0, 0, 2.5, 0], "texture": "#0"},
				"east": {"uv": [0, 0, 2.5, 0], "texture": "#0"},
				"south": {"uv": [0, 0, 2.5, 0], "texture": "#0"},
				"west": {"uv": [0, 0, 2.5, 0], "texture": "#0"},
				"up": {"uv": [5.5, 2.5, 3, 0], "texture": "#0"},
				"down": {"uv": [5.5, 2.5, 3, 5], "texture": "#0"}
			}
		},
		{
			"from": [3, 2.1, 3],
			"to": [13, 2.1, 13],
			"rotation": {"angle": 0, "axis": "x", "origin": [8, 5, 8]},
			"faces": {
				"north": {"uv": [0, 0, 2.5, 0], "texture": "#0"},
				"east": {"uv": [0, 0, 2.5, 0], "texture": "#0"},
				"south": {"uv": [0, 0, 2.5, 0], "texture": "#0"},
				"west": {"uv": [0, 0, 2.5, 0], "texture": "#0"},
				"up": {"uv": [2.5, 16, 0, 13.5], "texture": "#0"},
				"down": {"uv": [5, 13.5, 2.5, 16], "texture": "#0"}
			}
		},
		{
			"from": [3, 2, 3],
			"to": [13, 10, 3],
			"rotation": {"angle": 0, "axis": "x", "origin": [8, 5, 8]},
			"faces": {
				"north": {"uv": [11, 2, 8.5, 4], "texture": "#0"},
				"east": {"uv": [0, 0, 0, 2], "texture": "#0"},
				"south": {"uv": [6, 6, 8.5, 8], "texture": "#0"},
				"west": {"uv": [0, 0, 0, 2], "texture": "#0"},
				"up": {"uv": [2.5, 0, 0, 0], "texture": "#0"},
				"down": {"uv": [2.5, 0, 0, 0], "texture": "#0"}
			}
		}
	],
	"display": {
		"thirdperson_righthand": {
			"translation": [0, 4.5, 1.75],
			"scale": [0.57031, 0.57031, 0.57031]
		},
		"thirdperson_lefthand": {
			"translation": [0, 4.5, 1.75],
			"scale": [0.57031, 0.57031, 0.57031]
		},
		"firstperson_righthand": {
			"rotation": [158.5, 43.73, -159.47],
			"translation": [0, 6.75, -3.75]
		},
		"firstperson_lefthand": {
			"rotation": [160.33, 38.41, -162.14],
			"translation": [1.5, 6.75, -3.75]
		},
		"ground": {
			"scale": [0.51953, 0.51953, 0.51953]
		},
		"gui": {
			"rotation": [-171.92, -43.43, 163.34],
			"translation": [-0.5, 2.5, 3.75],
			"scale": [0.98047, 0.98047, 0.98047]
		},
		"head": {
			"translation": [0, 3.75, 0],
			"scale": [1.33398, 1.33398, 1.33398]
		}
	}
}