{
	"credit": "Made with Blockbench",
	"texture_size": [32, 32],
	"textures": {
		"0": "item/balloons/cat_balloon",
		"particle": "item/balloons/cat_balloon"
	},
	"elements": [
		{
			"from": [6, 0, 8],
			"to": [10, 12, 8],
			"faces": {
				"north": {"uv": [0, 0, 2, 6], "texture": "#0"},
				"east": {"uv": [0, 0, 0, 6], "texture": "#0"},
				"south": {"uv": [2, 0, 0, 6], "texture": "#0"},
				"west": {"uv": [0, 0, 0, 6], "texture": "#0"},
				"up": {"uv": [2, 0, 0, 0], "texture": "#0"},
				"down": {"uv": [2, 0, 0, 0], "texture": "#0"}
			}
		},
		{
			"from": [8, 0, 6],
			"to": [8, 12, 10],
			"rotation": {"angle": 0, "axis": "y", "origin": [8, 6, 8]},
			"faces": {
				"north": {"uv": [0, 0, 0, 6], "texture": "#0"},
				"east": {"uv": [0, 0, 2, 6], "texture": "#0"},
				"south": {"uv": [0, 0, 0, 6], "texture": "#0"},
				"west": {"uv": [2, 0, 0, 6], "texture": "#0"},
				"up": {"uv": [2, 0, 0, 0], "rotation": 90, "texture": "#0"},
				"down": {"uv": [2, 0, 0, 0], "rotation": 270, "texture": "#0"}
			}
		},
		{
			"from": [5, 12, 5],
			"to": [11, 18, 11],
			"rotation": {"angle": 0, "axis": "y", "origin": [8, 15, 8]},
			"faces": {
				"north": {"uv": [11, 0, 8, 3], "texture": "#0"},
				"east": {"uv": [2, 0, 5, 3], "texture": "#0"},
				"south": {"uv": [11, 0, 8, 3], "texture": "#0"},
				"west": {"uv": [2, 3, 5, 6], "texture": "#0"},
				"up": {"uv": [8, 3, 5, 0], "rotation": 90, "texture": "#0"},
				"down": {"uv": [8, 0, 5, 3], "rotation": 270, "texture": "#0"}
			}
		},
		{
			"from": [3.75, 11.75, 1.75],
			"to": [3.75, 18.25, 8.25],
			"rotation": {"angle": 22.5, "axis": "y", "origin": [3.75, 15, 5]},
			"faces": {
				"north": {"uv": [2, 6, 5, 9], "texture": "#0"},
				"east": {"uv": [11, 6, 8, 9], "texture": "#0"},
				"south": {"uv": [5, 3, 8, 6], "texture": "#0"},
				"west": {"uv": [8, 6, 11, 9], "texture": "#0"},
				"up": {"uv": [8, 9, 5, 6], "rotation": 180, "texture": "#0"},
				"down": {"uv": [8, 6, 5, 9], "rotation": 180, "texture": "#0"}
			}
		},
		{
			"from": [4.75, 11.75, 4.75],
			"to": [11.25, 18.25, 11.25],
			"rotation": {"angle": 0, "axis": "y", "origin": [8, 15, 8]},
			"faces": {
				"north": {"uv": [11, 3, 8, 6], "texture": "#0"},
				"east": {"uv": [5, 3, 8, 6], "texture": "#0"},
				"south": {"uv": [8, 3, 11, 6], "texture": "#0"},
				"west": {"uv": [2, 6, 5, 9], "texture": "#0"},
				"up": {"uv": [8, 9, 5, 6], "rotation": 90, "texture": "#0"},
				"down": {"uv": [5, 9, 2, 12], "rotation": 270, "texture": "#0"}
			}
		}
	],
	"display": {
		"thirdperson_righthand": {
			"rotation": [66, 90, 0],
			"translation": [0.5, 2.25, 6]
		},
		"thirdperson_lefthand": {
			"rotation": [67.5, -90, -1.5],
			"translation": [0.5, 1.5, 6]
		},
		"firstperson_righthand": {
			"rotation": [-174.07, 68.78, 178.48],
			"translation": [20.75, -14.75, -39.75],
			"scale": [4, 4, 4]
		},
		"firstperson_lefthand": {
			"rotation": [-5.83, -68.06, -1.4],
			"translation": [24, -14.75, -39.75],
			"scale": [4, 4, 4]
		},
		"ground": {
			"translation": [0, 4.25, 0],
			"scale": [1.20117, 1.20117, 1.20117]
		},
		"gui": {
			"rotation": [-1.45, 13.21, -27.16],
			"translation": [-0.25, -2.25, -0.25]
		},
		"head": {
			"rotation": [0, -15, 0],
			"translation": [0, -13.5, -0.5],
			"scale": [2.01172, 2.01172, 2.01172]
		},
		"fixed": {
			"rotation": [-90, 0, 0],
			"translation": [0.5, 0.75, -16],
			"scale": [2.64648, 2.64648, 2.64648]
		}
	}
}