{
	"credit": "Made with Blockbench",
	"texture_size": [64, 64],
	"textures": {
		"0": "item/fists/default/auto_fist",
		"particle": "item/fists/default/auto_fist"
	},
	"elements": [
		{
			"from": [4.25, 1.75, 5.6],
			"to": [10.75, 4.75, 12.1],
			"rotation": {"angle": 0, "axis": "x", "origin": [7.5, 6.55, 6.8]},
			"faces": {
				"north": {"uv": [7, 2.75, 5.25, 3.5], "texture": "#0"},
				"east": {"uv": [5.25, 2.75, 7, 3.5], "texture": "#0"},
				"south": {"uv": [7, 2.75, 5.25, 3.5], "texture": "#0"},
				"west": {"uv": [5.25, 2.75, 7, 3.5], "texture": "#0"},
				"up": {"uv": [1.75, 1.75, 0, 0], "texture": "#0"},
				"down": {"uv": [1.75, 0, 0, 1.75], "texture": "#0"}
			}
		},
		{
			"from": [4, 5.75, 5.35],
			"to": [11, 12.75, 12.35],
			"rotation": {"angle": 0, "axis": "x", "origin": [7.5, 6.55, 6.8]},
			"faces": {
				"north": {"uv": [1.75, 3.5, 0, 5.25], "texture": "#0"},
				"east": {"uv": [1.75, 1.75, 3.5, 3.5], "texture": "#0"},
				"south": {"uv": [0, 3.5, 1.75, 5.25], "texture": "#0"},
				"west": {"uv": [3.5, 0, 5.25, 1.75], "texture": "#0"},
				"up": {"uv": [3.5, 5.25, 1.75, 3.5], "texture": "#0"},
				"down": {"uv": [5.25, 1.75, 3.5, 3.5], "texture": "#0"}
			}
		},
		{
			"from": [4, 12.75, 5.35],
			"to": [9, 14.75, 12.35],
			"rotation": {"angle": 0, "axis": "x", "origin": [7.5, 6.55, 6.8]},
			"faces": {
				"north": {"uv": [7, 1, 8.25, 1.5], "texture": "#0"},
				"east": {"uv": [6, 3.5, 7.75, 4], "texture": "#0"},
				"south": {"uv": [7, 1.5, 8.25, 2], "texture": "#0"},
				"west": {"uv": [6, 4, 7.75, 4.5], "texture": "#0"},
				"up": {"uv": [4.75, 5.25, 3.5, 3.5], "texture": "#0"},
				"down": {"uv": [6, 3.5, 4.75, 5.25], "texture": "#0"}
			}
		},
		{
			"from": [8.575, 11.75, 5.35],
			"to": [11.425, 13.75, 12.35],
			"rotation": {"angle": -45, "axis": "z", "origin": [10, 13.75, 8.85]},
			"faces": {
				"north": {"uv": [5.75, 7, 6.5, 7.5], "texture": "#0"},
				"east": {"uv": [6, 4.5, 7.75, 5], "texture": "#0"},
				"south": {"uv": [7, 6.5, 7.75, 7], "texture": "#0"},
				"west": {"uv": [4.75, 6, 6.5, 6.5], "texture": "#0"},
				"up": {"uv": [4, 7, 3.25, 5.25], "texture": "#0"},
				"down": {"uv": [4.75, 5.25, 4, 7], "texture": "#0"}
			}
		},
		{
			"from": [2.525, 12.4, 5.35],
			"to": [4.9, 14.775, 12.35],
			"rotation": {"angle": -45, "axis": "z", "origin": [3.25, 13, 8.85]},
			"faces": {
				"north": {"uv": [2.25, 7.5, 2.75, 8], "texture": "#0"},
				"east": {"uv": [4.75, 6.5, 6.5, 7], "texture": "#0"},
				"south": {"uv": [5.75, 7.5, 6.25, 8], "texture": "#0"},
				"west": {"uv": [6.5, 5, 8.25, 5.5], "texture": "#0"},
				"up": {"uv": [0.5, 8.25, 0, 6.5], "texture": "#0"},
				"down": {"uv": [1, 6.5, 0.5, 8.25], "texture": "#0"}
			}
		},
		{
			"from": [2.325, 10.075, 5.35],
			"to": [4.25, 13.075, 12.35],
			"rotation": {"angle": 0, "axis": "x", "origin": [7.75, 6.3, 6.8]},
			"faces": {
				"north": {"uv": [7, 7, 7.5, 7.75], "texture": "#0"},
				"east": {"uv": [4.75, 5.25, 6.5, 6], "texture": "#0"},
				"south": {"uv": [6.5, 7.25, 7, 8], "texture": "#0"},
				"west": {"uv": [1.5, 6, 3.25, 6.75], "texture": "#0"},
				"up": {"uv": [1.5, 8.25, 1, 6.5], "texture": "#0"},
				"down": {"uv": [7, 5.5, 6.5, 7.25], "texture": "#0"}
			}
		},
		{
			"from": [6, 7.5871, 5.31161],
			"to": [9, 10.9871, 8.31161],
			"rotation": {"angle": -45, "axis": "x", "origin": [7.5, 7.15, 6.9]},
			"faces": {
				"north": {"uv": [2.25, 6.75, 3, 7.5], "texture": "#0"},
				"east": {"uv": [7, 2, 7.75, 2.75], "texture": "#0"},
				"south": {"uv": [7, 2.75, 7.75, 3.5], "texture": "#0"},
				"west": {"uv": [3, 7, 3.75, 7.75], "texture": "#0"},
				"up": {"uv": [4.5, 7.75, 3.75, 7], "texture": "#0"},
				"down": {"uv": [5.25, 7, 4.5, 7.75], "texture": "#0"}
			}
		},
		{
			"from": [6, 8.725, 3.075],
			"to": [9, 12.75, 5.175],
			"rotation": {"angle": 0, "axis": "z", "origin": [7.5, 7.15, 6.9]},
			"faces": {
				"north": {"uv": [6.75, 0, 7.5, 1], "texture": "#0"},
				"east": {"uv": [5.25, 7, 5.75, 8], "texture": "#0"},
				"south": {"uv": [1.5, 6.75, 2.25, 7.75], "texture": "#0"},
				"west": {"uv": [7, 5.5, 7.5, 6.5], "texture": "#0"},
				"up": {"uv": [8.25, 0.5, 7.5, 0], "texture": "#0"},
				"down": {"uv": [8.25, 0.5, 7.5, 1], "texture": "#0"}
			}
		},
		{
			"from": [4.75, 4.75, 6.125],
			"to": [10.25, 5.75, 11.6],
			"rotation": {"angle": 0, "axis": "x", "origin": [7.5, 6.55, 6.8]},
			"faces": {
				"north": {"uv": [7.5, 5.5, 9, 5.75], "texture": "#0"},
				"east": {"uv": [7.5, 6, 8.75, 6.25], "texture": "#0"},
				"south": {"uv": [7.5, 5.75, 9, 6], "texture": "#0"},
				"west": {"uv": [7.5, 6.25, 8.75, 6.5], "texture": "#0"},
				"up": {"uv": [1.5, 6.5, 0, 5.25], "texture": "#0"},
				"down": {"uv": [6.75, 0, 5.25, 1.25], "texture": "#0"}
			}
		}
	],
	"display": {
		"thirdperson_righthand": {
			"rotation": [-90, 0, 0],
			"translation": [0.25, -2.5, 0],
			"scale": [0.68359, 0.68359, 0.68359]
		},
		"thirdperson_lefthand": {
			"rotation": [-90, 180, 0],
			"translation": [0.25, -1.5, 0],
			"scale": [0.68359, 0.68359, 0.68359]
		},
		"head": {
			"rotation": [0, -90, 90],
			"translation": [1, 1, -0.25],
			"scale": [1.11915, 1.11915, 1.11915]
		}
	}
}