{
	"credit": "Made with Blockbench",
	"texture_size": [64, 64],
	"textures": {
		"0": "item/bomblauncher/bomblauncherloaded",
		"particle": "item/bomblauncher/bomblauncherloaded"
	},
	"elements": [
		{
			"from": [5, 9, 18],
			"to": [11, 15, 24],
			"rotation": {"angle": 0, "axis": "y", "origin": [8, 12, 21]},
			"faces": {
				"north": {"uv": [4, 8.25, 5.5, 9.75], "texture": "#0"},
				"east": {"uv": [4, 8.25, 5.5, 9.75], "texture": "#0"},
				"south": {"uv": [4, 8.25, 5.5, 9.75], "texture": "#0"},
				"west": {"uv": [4, 8.25, 5.5, 9.75], "texture": "#0"},
				"up": {"uv": [7, 9.75, 5.5, 8.25], "texture": "#0"},
				"down": {"uv": [7, 8.25, 5.5, 9.75], "texture": "#0"}
			}
		},
		{
			"from": [6, 15, 21],
			"to": [10, 27, 21],
			"rotation": {"angle": 0, "axis": "y", "origin": [8, 19.5, 21]},
			"faces": {
				"north": {"uv": [3, 8.25, 4, 11.25], "rotation": 180, "texture": "#0"},
				"east": {"uv": [0, 0, 0, 3], "rotation": 180, "texture": "#0"},
				"south": {"uv": [4, 8.25, 3, 11.25], "rotation": 180, "texture": "#0"},
				"west": {"uv": [3, 8.25, 3, 11.25], "rotation": 180, "texture": "#0"},
				"up": {"uv": [1, 0, 0, 0], "rotation": 180, "texture": "#0"},
				"down": {"uv": [1, 0, 0, 0], "rotation": 180, "texture": "#0"}
			}
		},
		{
			"from": [8, 15, 19],
			"to": [8, 27, 23],
			"rotation": {"angle": 0, "axis": "y", "origin": [8, 19.5, 21]},
			"faces": {
				"north": {"uv": [0, 0, 0, 3], "rotation": 180, "texture": "#0"},
				"east": {"uv": [4, 8.25, 3, 11.25], "rotation": 180, "texture": "#0"},
				"south": {"uv": [0, 0, 0, 3], "rotation": 180, "texture": "#0"},
				"west": {"uv": [3, 8.25, 4, 11.25], "rotation": 180, "texture": "#0"},
				"up": {"uv": [1, 0, 0, 0], "rotation": 90, "texture": "#0"},
				"down": {"uv": [1, 0, 0, 0], "rotation": 270, "texture": "#0"}
			}
		},
		{
			"from": [7.5, 8, 9],
			"to": [8.5, 9, 10],
			"faces": {
				"north": {"uv": [5.5, 0, 5.75, 0.25], "texture": "#0"},
				"east": {"uv": [5.5, 0, 5.75, 0.25], "texture": "#0"},
				"south": {"uv": [5.5, 0, 5.75, 0.25], "texture": "#0"},
				"west": {"uv": [5.5, 0, 5.75, 0.25], "texture": "#0"},
				"up": {"uv": [5.5, 0, 5.75, 0.25], "texture": "#0"},
				"down": {"uv": [5.5, 0, 5.75, 0.25], "texture": "#0"}
			}
		},
		{
			"from": [5, 9, 0],
			"to": [11, 15, 16],
			"rotation": {"angle": 0, "axis": "y", "origin": [7, 0, 0]},
			"faces": {
				"north": {"uv": [4, 1.25, 5.5, 2.75], "texture": "#0"},
				"east": {"uv": [0, 0, 4, 1.5], "texture": "#0"},
				"south": {"uv": [5.5, 1.25, 7, 2.75], "texture": "#0"},
				"west": {"uv": [0, 1.5, 4, 3], "texture": "#0"},
				"up": {"uv": [1.5, 7, 0, 3], "texture": "#0"},
				"down": {"uv": [3, 3, 1.5, 7], "texture": "#0"}
			}
		},
		{
			"from": [4, 8, 16],
			"to": [12, 16, 18],
			"rotation": {"angle": 0, "axis": "y", "origin": [7, 0, 16]},
			"faces": {
				"north": {"uv": [3, 4.25, 5, 6.25], "texture": "#0"},
				"east": {"uv": [6, 6.25, 6.5, 8.25], "texture": "#0"},
				"south": {"uv": [5, 4.25, 7, 6.25], "texture": "#0"},
				"west": {"uv": [6.5, 6.25, 7, 8.25], "texture": "#0"},
				"up": {"uv": [2, 7.5, 0, 7], "texture": "#0"},
				"down": {"uv": [9, 1.25, 7, 1.75], "texture": "#0"}
			}
		},
		{
			"from": [8, 4, 0],
			"to": [8, 9, 16],
			"rotation": {"angle": 0, "axis": "y", "origin": [7, -6, 0]},
			"faces": {
				"north": {"uv": [0, 0, 0, 1.25], "texture": "#0"},
				"east": {"uv": [8, 2.75, 4, 4], "texture": "#0"},
				"south": {"uv": [0, 0, 0, 1.25], "texture": "#0"},
				"west": {"uv": [4, 2.75, 8, 4], "texture": "#0"},
				"up": {"uv": [0, 4, 0, 0], "texture": "#0"},
				"down": {"uv": [0, 0, 0, 4], "texture": "#0"}
			}
		},
		{
			"from": [6, 14, 6],
			"to": [10, 18, 7],
			"rotation": {"angle": 0, "axis": "y", "origin": [7, 5, -2]},
			"faces": {
				"north": {"uv": [5.75, 6.5, 4.75, 7.5], "texture": "#0"},
				"east": {"uv": [10, 0.5, 10.25, 1.5], "texture": "#0"},
				"south": {"uv": [4.75, 6.5, 5.75, 7.5], "texture": "#0"},
				"west": {"uv": [10, 0.5, 10.25, 1.5], "texture": "#0"},
				"up": {"uv": [11.5, 0, 10.5, 0.25], "texture": "#0"},
				"down": {"uv": [11.5, 0, 10.5, 0.25], "texture": "#0"}
			}
		},
		{
			"from": [7, 14, 6],
			"to": [7, 18, 7],
			"rotation": {"angle": 0, "axis": "y", "origin": [7, 5, -2]},
			"faces": {
				"north": {"uv": [5.75, 6.5, 4.75, 7.5], "texture": "#0"},
				"east": {"uv": [10, 0.5, 10.25, 1.5], "texture": "#0"},
				"south": {"uv": [4.75, 6.5, 5.75, 7.5], "texture": "#0"},
				"west": {"uv": [10, 0.5, 10.25, 1.5], "texture": "#0"},
				"up": {"uv": [11.5, 0, 10.5, 0.25], "texture": "#0"},
				"down": {"uv": [11.5, 0, 10.5, 0.25], "texture": "#0"}
			}
		},
		{
			"from": [9, 14, 6],
			"to": [9, 18, 7],
			"rotation": {"angle": 0, "axis": "y", "origin": [7, 5, -2]},
			"faces": {
				"north": {"uv": [5.75, 6.5, 4.75, 7.5], "texture": "#0"},
				"east": {"uv": [10, 0.5, 10.25, 1.5], "texture": "#0"},
				"south": {"uv": [4.75, 6.5, 5.75, 7.5], "texture": "#0"},
				"west": {"uv": [10, 0.5, 10.25, 1.5], "texture": "#0"},
				"up": {"uv": [11.5, 0, 10.5, 0.25], "texture": "#0"},
				"down": {"uv": [11.5, 0, 10.5, 0.25], "texture": "#0"}
			}
		},
		{
			"from": [6, 15, 6],
			"to": [10, 15, 7],
			"rotation": {"angle": 0, "axis": "y", "origin": [7, 5, -2]},
			"faces": {
				"north": {"uv": [5.75, 6.5, 4.75, 7.5], "texture": "#0"},
				"east": {"uv": [10, 0.5, 10.25, 1.5], "texture": "#0"},
				"south": {"uv": [4.75, 6.5, 5.75, 7.5], "texture": "#0"},
				"west": {"uv": [10, 0.5, 10.25, 1.5], "texture": "#0"},
				"up": {"uv": [11.5, 0, 10.5, 0.25], "texture": "#0"},
				"down": {"uv": [11.5, 0, 10.5, 0.25], "texture": "#0"}
			}
		},
		{
			"from": [6, 17, 6],
			"to": [10, 17, 7],
			"rotation": {"angle": 0, "axis": "y", "origin": [7, 5, -2]},
			"faces": {
				"north": {"uv": [5.75, 6.5, 4.75, 7.5], "texture": "#0"},
				"east": {"uv": [10, 0.5, 10.25, 1.5], "texture": "#0"},
				"south": {"uv": [4.75, 6.5, 5.75, 7.5], "texture": "#0"},
				"west": {"uv": [10, 0.5, 10.25, 1.5], "texture": "#0"},
				"up": {"uv": [11.5, 0, 10.5, 0.25], "texture": "#0"},
				"down": {"uv": [11.5, 0, 10.5, 0.25], "texture": "#0"}
			}
		},
		{
			"from": [7.5, 4, 1.5],
			"to": [8.5, 9, 3.5],
			"faces": {
				"north": {"uv": [4.5, 0, 4.75, 1.25], "texture": "#0"},
				"east": {"uv": [4, 0, 4.5, 1.25], "texture": "#0"},
				"south": {"uv": [4.5, 0, 4.75, 1.25], "texture": "#0"},
				"west": {"uv": [4, 0, 4.5, 1.25], "texture": "#0"},
				"up": {"uv": [4.75, 0.75, 5, 1.25], "texture": "#0"},
				"down": {"uv": [4.75, 0.75, 5, 1.25], "texture": "#0"}
			}
		}
	],
	"display": {
		"thirdperson_righthand": {
			"rotation": [-178.24, -2.12, 179.09],
			"translation": [0, 1, -2]
		},
		"thirdperson_lefthand": {
			"rotation": [-177.74, -2.12, 179.09],
			"translation": [0, 1, -2]
		},
		"firstperson_righthand": {
			"rotation": [180, -3.75, 180],
			"translation": [7, 0, 2.25]
		},
		"firstperson_lefthand": {
			"rotation": [180, -3.75, 180],
			"translation": [-4.25, 0, 2.25]
		},
		"gui": {
			"rotation": [-33.05, 28.4, 13.51],
			"translation": [-0.5, -5, 0]
		}
	}
}