{
	"credit": "Made with Blockbench",
	"texture_size": [64, 64],
	"textures": {
		"0": "minecraft:block/harp/alchemist_cauldron",
		"particle": "minecraft:block/harp/alchemist_cauldron"
	},
		"elements": [
			{
				"from": [0, 0, 0],
				"to": [16, 14, 16],
				"faces": {
					"north": {"uv": [4, 3.5, 8, 7], "texture": "#0"},
					"east": {"uv": [4, 7, 8, 10.5], "texture": "#0"},
					"south": {"uv": [8, 3.5, 4, 7], "texture": "#0"},
					"west": {"uv": [4, 7, 8, 10.5], "texture": "#0"},
					"up": {"uv": [4, 4, 0, 0], "texture": "#0"},
					"down": {"uv": [4, 4, 0, 8], "texture": "#0"}
				}
			},
			{
				"from": [12, 2, 16],
				"to": [14, 8, 18],
				"faces": {
					"north": {"uv": [8, 10.25, 8.5, 11.75], "texture": "#0"},
					"east": {"uv": [8.5, 10.25, 9, 11.75], "texture": "#0"},
					"south": {"uv": [9, 10.25, 9.5, 11.75], "texture": "#0"},
					"west": {"uv": [9.5, 10.25, 10, 11.75], "texture": "#0"},
					"up": {"uv": [9.5, 12.25, 9, 11.75], "texture": "#0"},
					"down": {"uv": [10, 11.75, 9.5, 12.25], "texture": "#0"}
				}
			},
			{
				"from": [2, 2, 16],
				"to": [4, 8, 18],
				"faces": {
					"north": {"uv": [10, 10.25, 10.5, 11.75], "texture": "#0"},
					"east": {"uv": [8.5, 10.25, 9, 11.75], "texture": "#0"},
					"south": {"uv": [9, 10.25, 9.5, 11.75], "texture": "#0"},
					"west": {"uv": [9.5, 10.25, 10, 11.75], "texture": "#0"},
					"up": {"uv": [10, 12.25, 9.5, 11.75], "texture": "#0"},
					"down": {"uv": [9.5, 11.75, 9, 12.25], "texture": "#0"}
				}
			},
			{
				"from": [2, 2, -2],
				"to": [4, 8, 0],
				"faces": {
					"north": {"uv": [8.5, 10.25, 9, 11.75], "texture": "#0"},
					"east": {"uv": [9.5, 10.25, 10, 11.75], "texture": "#0"},
					"south": {"uv": [6.5, 10.5, 7, 12], "texture": "#0"},
					"west": {"uv": [9, 10.25, 9.5, 11.75], "texture": "#0"},
					"up": {"uv": [10, 12.25, 9.5, 11.75], "texture": "#0"},
					"down": {"uv": [9.5, 11.75, 9, 12.25], "texture": "#0"}
				}
			},
			{
				"from": [12, 2, -2],
				"to": [14, 8, 0],
				"faces": {
					"north": {"uv": [9.5, 10.25, 10, 11.75], "texture": "#0"},
					"east": {"uv": [9, 10.25, 9.5, 11.75], "texture": "#0"},
					"south": {"uv": [10.5, 10.25, 11, 11.75], "texture": "#0"},
					"west": {"uv": [8.5, 10.25, 9, 11.75], "texture": "#0"},
					"up": {"uv": [9.5, 12.25, 9, 11.75], "texture": "#0"},
					"down": {"uv": [10, 11.75, 9.5, 12.25], "texture": "#0"}
				}
			},
			{
				"from": [13, 5, 7],
				"to": [18, 7, 9],
				"rotation": {"angle": 45, "axis": "z", "origin": [17.5, 7.5, 8]},
				"faces": {
					"north": {"uv": [11, 8.5, 12.25, 9], "texture": "#0"},
					"east": {"uv": [3.75, 12, 4.25, 12.5], "texture": "#0"},
					"south": {"uv": [11, 9, 12.25, 9.5], "texture": "#0"},
					"west": {"uv": [4.25, 12, 4.75, 12.5], "texture": "#0"},
					"up": {"uv": [12.25, 10.75, 11, 10.25], "texture": "#0"},
					"down": {"uv": [12.25, 10.75, 11, 11.25], "texture": "#0"}
				}
			},
			{
				"from": [12.35, 8.675, 7],
				"to": [18.5, 10.675, 9],
				"rotation": {"angle": -22.5, "axis": "z", "origin": [17.5, 7.5, 8]},
				"faces": {
					"north": {"uv": [11, 1.5, 12.5, 2], "texture": "#0"},
					"east": {"uv": [4.75, 12, 5.25, 12.5], "texture": "#0"},
					"south": {"uv": [11, 2, 12.5, 2.5], "texture": "#0"},
					"west": {"uv": [5.25, 12, 5.75, 12.5], "texture": "#0"},
					"up": {"uv": [12.5, 3, 11, 2.5], "texture": "#0"},
					"down": {"uv": [12.5, 3, 11, 3.5], "texture": "#0"}
				}
			},
			{
				"from": [17.625, 6.075, 7],
				"to": [19.625, 10, 9],
				"rotation": {"angle": 0, "axis": "z", "origin": [17.5, 7.5, 8]},
				"faces": {
					"north": {"uv": [10, 8.25, 10.5, 9.25], "texture": "#0"},
					"east": {"uv": [1.25, 11.75, 1.75, 12.75], "texture": "#0"},
					"south": {"uv": [1.75, 11.75, 2.25, 12.75], "texture": "#0"},
					"west": {"uv": [2.25, 11.75, 2.75, 12.75], "texture": "#0"},
					"up": {"uv": [6.25, 12.5, 5.75, 12], "texture": "#0"},
					"down": {"uv": [6.75, 12, 6.25, 12.5], "texture": "#0"}
				}
			},
			{
				"from": [-3.47278, 9.26017, 7],
				"to": [2.52722, 11.26017, 9],
				"rotation": {"angle": 22.5, "axis": "z", "origin": [-0.47278, 9.66017, 8]},
				"faces": {
					"north": {"uv": [12.5, 1.5, 11, 2], "texture": "#0"},
					"east": {"uv": [6.75, 12, 7.25, 12.5], "texture": "#0"},
					"south": {"uv": [12.5, 2, 11, 2.5], "texture": "#0"},
					"west": {"uv": [7.25, 12, 7.75, 12.5], "texture": "#0"},
					"up": {"uv": [12.5, 2.5, 11, 2], "texture": "#0"},
					"down": {"uv": [12.5, 5, 11, 5.5], "texture": "#0"}
				}
			},
			{
				"from": [-3.85355, 6.075, 7],
				"to": [-1.85355, 10, 9],
				"rotation": {"angle": 0, "axis": "y", "origin": [17.88572, 8.03917, 8]},
				"faces": {
					"north": {"uv": [1.75, 11.75, 2.25, 12.75], "texture": "#0"},
					"east": {"uv": [3.25, 11.75, 3.75, 12.75], "texture": "#0"},
					"south": {"uv": [10, 8.25, 10.5, 9.25], "texture": "#0"},
					"west": {"uv": [1.75, 11.75, 1.25, 12.75], "texture": "#0"},
					"up": {"uv": [12.5, 12.25, 12, 11.75], "texture": "#0"},
					"down": {"uv": [12.75, 8.5, 12.25, 9], "texture": "#0"}
				}
			},
			{
				"from": [-2.61028, 3.78067, 7],
				"to": [2.38972, 5.78067, 9],
				"rotation": {"angle": -45, "axis": "z", "origin": [-0.46028, 6.43067, 8]},
				"faces": {
					"north": {"uv": [12.25, 8.5, 11, 9], "texture": "#0"},
					"east": {"uv": [9, 12.25, 9.5, 12.75], "texture": "#0"},
					"south": {"uv": [12.25, 9, 11, 9.5], "texture": "#0"},
					"west": {"uv": [12.25, 9, 12.75, 9.5], "texture": "#0"},
					"up": {"uv": [12.75, 0.5, 11.5, 0], "texture": "#0"},
					"down": {"uv": [11, 10.75, 12.25, 11.25], "texture": "#0"}
				}
			},
			{
				"from": [2, 14, 2],
				"to": [14, 15, 14],
				"faces": {
					"north": {"uv": [10.5, 9.75, 13.5, 10], "texture": "#0"},
					"east": {"uv": [11, 5.5, 14, 5.75], "texture": "#0"},
					"south": {"uv": [11, 5.75, 14, 6], "texture": "#0"},
					"west": {"uv": [11, 8.25, 14, 8.5], "texture": "#0"},
					"up": {"uv": [11, 3, 8, 0], "texture": "#0"},
					"down": {"uv": [11, 3, 8, 6], "texture": "#0"}
				}
			},
			{
				"from": [1, 15, 1],
				"to": [3, 16, 15],
				"faces": {
					"north": {"uv": [10, 9.25, 10.5, 9.5], "texture": "#0"},
					"east": {"uv": [10, 7.75, 13.5, 8], "texture": "#0"},
					"south": {"uv": [11.5, 10, 12, 10.25], "texture": "#0"},
					"west": {"uv": [10, 7.75, 13.5, 8], "texture": "#0"},
					"up": {"uv": [8.5, 9.5, 8, 6], "texture": "#0"},
					"down": {"uv": [8.5, 6, 8, 9.5], "texture": "#0"}
				}
			},
			{
				"from": [13, 15, 1],
				"to": [15, 16, 15],
				"faces": {
					"north": {"uv": [12, 10, 12.5, 10.25], "texture": "#0"},
					"east": {"uv": [8, 10, 11.5, 10.25], "texture": "#0"},
					"south": {"uv": [9.5, 12.25, 10, 12.5], "texture": "#0"},
					"west": {"uv": [8, 10, 11.5, 10.25], "texture": "#0"},
					"up": {"uv": [9.5, 9.5, 9, 6], "texture": "#0"},
					"down": {"uv": [9.5, 6, 9, 9.5], "texture": "#0"}
				}
			},
			{
				"from": [3, 15, 13],
				"to": [13, 16, 15],
				"faces": {
					"north": {"uv": [11.5, 1, 14, 1.25], "texture": "#0"},
					"east": {"uv": [10, 12.25, 10.5, 12.5], "texture": "#0"},
					"south": {"uv": [11.5, 1, 14, 1.25], "texture": "#0"},
					"west": {"uv": [12.25, 10.25, 12.75, 10.5], "texture": "#0"},
					"up": {"uv": [10.5, 10, 8, 9.5], "texture": "#0"},
					"down": {"uv": [10.5, 9.5, 8, 10], "texture": "#0"}
				}
			},
			{
				"from": [3, 15, 1],
				"to": [13, 16, 3],
				"faces": {
					"north": {"uv": [11.5, 1.25, 14, 1.5], "texture": "#0"},
					"east": {"uv": [10.5, 12.25, 11, 12.5], "texture": "#0"},
					"south": {"uv": [11.5, 1.25, 14, 1.5], "texture": "#0"},
					"west": {"uv": [12.25, 10.5, 12.75, 10.75], "texture": "#0"},
					"up": {"uv": [12.5, 7, 10, 6.5], "texture": "#0"},
					"down": {"uv": [12.5, 6.5, 10, 7], "texture": "#0"}
				}
			}
		],
		"display": {
			"thirdperson_righthand": {
				"rotation": [75, 45, 0],
				"translation": [0, 2.5, 0],
				"scale": [0.375, 0.375, 0.375]
			},
			"thirdperson_lefthand": {
				"rotation": [75, 45, 0],
				"translation": [0, 2.5, 0],
				"scale": [0.375, 0.375, 0.375]
			},
			"firstperson_righthand": {
				"rotation": [0, 45, 0],
				"scale": [0.4, 0.4, 0.4]
			},
			"firstperson_lefthand": {
				"rotation": [0, 225, 0],
				"scale": [0.4, 0.4, 0.4]
			},
			"gui": {
				"rotation": [30, 225, 0],
				"scale": [0.625, 0.625, 0.625]
			},
			"head": {
				"scale": [1.43555, 1.43555, 1.43555]
			}
		}
	}