{
	"credit": "Made with Blockbench",
	"texture_size": [64, 64],
	"textures": {
		"particle": "minecraft:block/harp/stone_glove"
	},
	"elements": [
		{
			"from": [7.3, -16, 7.2],
			"to": [8.7, -8, 8.2],
			"rotation": {"angle": 22.5, "axis": "z", "origin": [7.19646, -6.375, 7.7]},
			"faces": {
				"north": {"uv": [4, 6.5, 4.25, 8.5], "texture": "#particle"},
				"east": {"uv": [4.25, 6.5, 4.5, 8.5], "texture": "#particle"},
				"south": {"uv": [4.5, 6.5, 4.75, 8.5], "texture": "#particle"},
				"west": {"uv": [4.75, 6.5, 5, 8.5], "texture": "#particle"},
				"up": {"uv": [8.25, 4.75, 8, 4.5], "texture": "#particle"},
				"down": {"uv": [8.25, 4.75, 8, 5], "texture": "#particle"}
			}
		},
		{
			"from": [5, -8, 7],
			"to": [11, -3, 8.4],
			"rotation": {"angle": 22.5, "axis": "z", "origin": [7.19646, -6.375, 7.7]},
			"faces": {
				"north": {"uv": [1, 6.5, 2.5, 7.75], "texture": "#particle"},
				"east": {"uv": [5, 6.75, 5.25, 8], "texture": "#particle"},
				"south": {"uv": [2.5, 6.5, 4, 7.75], "texture": "#particle"},
				"west": {"uv": [5.25, 6.75, 5.5, 8], "texture": "#particle"},
				"up": {"uv": [6.5, 6.75, 5, 6.5], "texture": "#particle"},
				"down": {"uv": [8, 6.5, 6.5, 6.75], "texture": "#particle"}
			}
		},
		{
			"from": [7, -10, 7.02],
			"to": [9, -8, 8.38],
			"rotation": {"angle": 22.5, "axis": "z", "origin": [7.19646, -6.375, 7.7]},
			"faces": {
				"north": {"uv": [6.5, 6.75, 7, 7.25], "texture": "#particle"},
				"east": {"uv": [8, 3, 8.25, 3.5], "texture": "#particle"},
				"south": {"uv": [7, 6.75, 7.5, 7.25], "texture": "#particle"},
				"west": {"uv": [8, 3.5, 8.25, 4], "texture": "#particle"},
				"up": {"uv": [8.5, 4.25, 8, 4], "texture": "#particle"},
				"down": {"uv": [8.5, 4.25, 8, 4.5], "texture": "#particle"}
			}
		},
		{
			"from": [9.6, -3, 7],
			"to": [11, 0, 8.4],
			"rotation": {"angle": 22.5, "axis": "z", "origin": [7.19646, -6.375, 7.7]},
			"faces": {
				"north": {"uv": [2.75, 7.75, 3, 8.5], "texture": "#particle"},
				"east": {"uv": [3, 7.75, 3.25, 8.5], "texture": "#particle"},
				"south": {"uv": [3.25, 7.75, 3.5, 8.5], "texture": "#particle"},
				"west": {"uv": [3.5, 7.75, 3.75, 8.5], "texture": "#particle"},
				"up": {"uv": [5.25, 8.25, 5, 8], "texture": "#particle"},
				"down": {"uv": [8.25, 5, 8, 5.25], "texture": "#particle"}
			}
		},
		{
			"from": [8.1, -3, 7],
			"to": [9.5, 1, 8.4],
			"rotation": {"angle": 22.5, "axis": "z", "origin": [7.19646, -6.375, 7.7]},
			"faces": {
				"north": {"uv": [6.5, 7.25, 6.75, 8.25], "texture": "#particle"},
				"east": {"uv": [6.75, 7.25, 7, 8.25], "texture": "#particle"},
				"south": {"uv": [7, 7.25, 7.25, 8.25], "texture": "#particle"},
				"west": {"uv": [7.25, 7.25, 7.5, 8.25], "texture": "#particle"},
				"up": {"uv": [5.5, 8.25, 5.25, 8], "texture": "#particle"},
				"down": {"uv": [8.25, 5.25, 8, 5.5], "texture": "#particle"}
			}
		},
		{
			"from": [5.1, -3, 7],
			"to": [6.5, 1, 8.4],
			"rotation": {"angle": 22.5, "axis": "z", "origin": [7.19646, -6.375, 7.7]},
			"faces": {
				"north": {"uv": [7.5, 6.75, 7.75, 7.75], "texture": "#particle"},
				"east": {"uv": [1, 7.75, 1.25, 8.75], "texture": "#particle"},
				"south": {"uv": [1.25, 7.75, 1.5, 8.75], "texture": "#particle"},
				"west": {"uv": [1.5, 7.75, 1.75, 8.75], "texture": "#particle"},
				"up": {"uv": [5.75, 8.25, 5.5, 8], "texture": "#particle"},
				"down": {"uv": [8.25, 5.5, 8, 5.75], "texture": "#particle"}
			}
		},
		{
			"from": [2.81248, -9.07008, 7.01],
			"to": [6.81248, -7.69008, 8.39],
			"rotation": {"angle": -22.5, "axis": "z", "origin": [7.19646, -6.375, 7.7]},
			"faces": {
				"north": {"uv": [1.75, 7.75, 2, 8.75], "rotation": 90, "texture": "#particle"},
				"east": {"uv": [8.25, 5.75, 8, 6], "rotation": 270, "texture": "#particle"},
				"south": {"uv": [2.25, 7.75, 2.5, 8.75], "rotation": 270, "texture": "#particle"},
				"west": {"uv": [6, 8.25, 5.75, 8], "rotation": 270, "texture": "#particle"},
				"up": {"uv": [2, 7.75, 2.25, 8.75], "rotation": 270, "texture": "#particle"},
				"down": {"uv": [2.5, 7.75, 2.75, 8.75], "rotation": 270, "texture": "#particle"}
			}
		},
		{
			"from": [6.6, -3, 7],
			"to": [8, 1.5, 8.4],
			"rotation": {"angle": 22.5, "axis": "z", "origin": [7.19646, -6.375, 7.7]},
			"faces": {
				"north": {"uv": [5.5, 6.75, 5.75, 8], "texture": "#particle"},
				"east": {"uv": [5.75, 6.75, 6, 8], "texture": "#particle"},
				"south": {"uv": [6, 6.75, 6.25, 8], "texture": "#particle"},
				"west": {"uv": [6.25, 6.75, 6.5, 8], "texture": "#particle"},
				"up": {"uv": [6.25, 8.25, 6, 8], "texture": "#particle"},
				"down": {"uv": [6.5, 8, 6.25, 8.25], "texture": "#particle"}
			}
		},
		{
			"from": [9.63502, -7.64876, 7.01],
			"to": [11.01502, -4.84876, 8.39],
			"rotation": {"angle": -22.5, "axis": "z", "origin": [7.19646, -6.375, 7.7]},
			"faces": {
				"north": {"uv": [3.75, 7.75, 4, 8.5], "texture": "#particle"},
				"east": {"uv": [7.75, 6.75, 8, 7.5], "texture": "#particle"},
				"south": {"uv": [7.5, 7.75, 7.75, 8.5], "texture": "#particle"},
				"west": {"uv": [7.75, 7.5, 8, 8.25], "texture": "#particle"},
				"up": {"uv": [8.25, 6.75, 8, 6.5], "texture": "#particle"},
				"down": {"uv": [8.25, 6.75, 8, 7], "texture": "#particle"}
			}
		},
		{
			"from": [6.81371, -9.07008, 7.01],
			"to": [9.61371, -7.69008, 8.39],
			"rotation": {"angle": -22.5, "axis": "z", "origin": [7.19646, -6.375, 7.7]},
			"faces": {
				"north": {"uv": [8, 0, 8.25, 0.75], "rotation": 90, "texture": "#particle"},
				"east": {"uv": [8.25, 7.25, 8, 7.5], "rotation": 270, "texture": "#particle"},
				"south": {"uv": [8, 1.5, 8.25, 2.25], "rotation": 270, "texture": "#particle"},
				"west": {"uv": [8.25, 7.25, 8, 7], "rotation": 270, "texture": "#particle"},
				"up": {"uv": [8, 0.75, 8.25, 1.5], "rotation": 270, "texture": "#particle"},
				"down": {"uv": [8, 2.25, 8.25, 3], "rotation": 270, "texture": "#particle"}
			}
		},
		{
			"from": [0, -16, 6.9],
			"to": [16, 8, 8.5],
			"rotation": {"angle": 22.5, "axis": "z", "origin": [7.19646, -6.375, 7.7]},
			"faces": {
				"north": {"uv": [0, 0, 4, 6], "texture": "#particle"},
				"east": {"uv": [0, 6, 0.5, 12], "texture": "#particle"},
				"south": {"uv": [4, 0, 8, 6], "texture": "#particle"},
				"west": {"uv": [0.5, 6, 1, 12], "texture": "#particle"},
				"up": {"uv": [5, 6.5, 1, 6], "texture": "#particle"},
				"down": {"uv": [9, 6, 5, 6.5], "texture": "#particle"}
			}
		}
	],
	"display": {
		"thirdperson_righthand": {
			"rotation": [-78.44, 82.87, 82.86],
			"translation": [0, 5.75, 1.25]
		},
		"thirdperson_lefthand": {
			"rotation": [-177.25, 0, 0],
			"translation": [0, -7, 0.75]
		},
		"firstperson_righthand": {
			"rotation": [73.05, 79.15, -104.45],
			"translation": [0, 3, 0]
		},
		"firstperson_lefthand": {
			"rotation": [133.5, 0, 10],
			"translation": [0, 0, 1.75]
		},
		"gui": {
			"rotation": [-44.99, -32.33, -62.82],
			"translation": [-0.5, -0.5, 0]
		},
		"head": {
			"translation": [0, 13, 0]
		}
	}
}