{
	"credit": "Made with Blockbench",
	"texture_size": [32, 32],
	"textures": {
		"0": "minecraft:block/harp/stones",
		"particle": "minecraft:block/harp/stones"
	},
	"elements": [
		{
			"from": [1, -16, 10],
			"to": [5, -13, 14],
			"rotation": {"angle": 0, "axis": "y", "origin": [2, 1.5, 11]},
			"faces": {
				"north": {"uv": [6, 9.5, 8, 11], "texture": "#0"},
				"east": {"uv": [8, 9.5, 6, 11], "texture": "#0"},
				"south": {"uv": [6, 9.5, 8, 11], "texture": "#0"},
				"west": {"uv": [8, 9.5, 6, 11], "texture": "#0"},
				"up": {"uv": [10, 4, 8, 2], "texture": "#0"},
				"down": {"uv": [2, 9.5, 0, 11.5], "texture": "#0"}
			}
		},
		{
			"from": [6, -16, 7],
			"to": [14, -11, 14],
			"faces": {
				"north": {"uv": [8, 2.5, 4, 5], "texture": "#0"},
				"east": {"uv": [4, 5, 7.5, 7.5], "texture": "#0"},
				"south": {"uv": [4, 2.5, 8, 5], "texture": "#0"},
				"west": {"uv": [7.5, 5, 4, 7.5], "texture": "#0"},
				"up": {"uv": [4, 3.5, 0, 0], "texture": "#0"},
				"down": {"uv": [4, 3.5, 0, 7], "texture": "#0"}
			}
		},
		{
			"from": [7, -16, 3],
			"to": [13, -12, 7],
			"faces": {
				"north": {"uv": [3.5, 7.5, 6.5, 9.5], "texture": "#0"},
				"east": {"uv": [2, 9.5, 4, 11.5], "texture": "#0"},
				"south": {"uv": [7.5, 5, 10.5, 7], "texture": "#0"},
				"west": {"uv": [4, 9.5, 2, 11.5], "texture": "#0"},
				"up": {"uv": [9.5, 9.5, 6.5, 7.5], "texture": "#0"},
				"down": {"uv": [9.5, 7.5, 6.5, 9.5], "texture": "#0"}
			}
		}
	],
	"display": {}
}