{
	"credit": "Made with Blockbench",
	"texture_size": [32, 32],
	"textures": {
		"0": "item/3d_hook",
		"particle": "item/3d_hook"
	},
	"elements": [
		{
			"from": [7, 17.25, 8.25],
			"to": [9, 19.25, 10.25],
			"rotation": {"angle": 0, "axis": "x", "origin": [8, 2.25, 8]},
			"faces": {
				"north": {"uv": [6, 1, 5, 0], "rotation": 180, "texture": "#0"},
				"east": {"uv": [5, 0, 6, 1], "rotation": 90, "texture": "#0"},
				"south": {"uv": [6, 0, 5, 1], "texture": "#0"},
				"west": {"uv": [5, 0, 6, 1], "rotation": 270, "texture": "#0"},
				"up": {"uv": [6, 0, 5, 1], "texture": "#0"},
				"down": {"uv": [6, 0, 5, 1], "rotation": 180, "texture": "#0"}
			}
		},
		{
			"from": [3, 18.25, 0.25],
			"to": [13, 18.25, 8.25],
			"rotation": {"angle": 0, "axis": "x", "origin": [8, 2.25, 8]},
			"faces": {
				"north": {"uv": [5, 0, 0, 0], "rotation": 180, "texture": "#0"},
				"east": {"uv": [0, 0, 0, 4], "rotation": 90, "texture": "#0"},
				"south": {"uv": [5, 0, 0, 0], "texture": "#0"},
				"west": {"uv": [0, 0, 0, 4], "rotation": 270, "texture": "#0"},
				"up": {"uv": [5, 0, 0, 4], "texture": "#0"},
				"down": {"uv": [5, 0, 0, 4], "rotation": 180, "texture": "#0"}
			}
		},
		{
			"from": [8, 13.25, 0.25],
			"to": [8, 23.25, 8.25],
			"rotation": {"angle": 0, "axis": "x", "origin": [8, 2.25, 8]},
			"faces": {
				"north": {"uv": [0, 5, 0, 0], "rotation": 180, "texture": "#0"},
				"east": {"uv": [5, 0, 0, 4], "rotation": 90, "texture": "#0"},
				"south": {"uv": [0, 0, 0, 5], "texture": "#0"},
				"west": {"uv": [5, 0, 0, 4], "rotation": 270, "texture": "#0"},
				"up": {"uv": [0, 0, 0, 4], "texture": "#0"},
				"down": {"uv": [0, 0, 0, 4], "rotation": 180, "texture": "#0"}
			}
		},
		{
			"from": [8, 17.25, 10.25],
			"to": [8, 19.25, 13.25],
			"rotation": {"angle": 0, "axis": "x", "origin": [8, 2.25, 8]},
			"faces": {
				"north": {"uv": [0, 5, 0, 0], "rotation": 180, "texture": "#0"},
				"east": {"uv": [6, 1, 5, 2.5], "rotation": 90, "texture": "#0"},
				"south": {"uv": [0, 0, 0, 5], "texture": "#0"},
				"west": {"uv": [6, 1, 5, 2.5], "rotation": 270, "texture": "#0"},
				"up": {"uv": [0, 0, 0, 4], "texture": "#0"},
				"down": {"uv": [0, 0, 0, 4], "rotation": 180, "texture": "#0"}
			}
		},
		{
			"from": [7, 18.25, 10.25],
			"to": [9, 18.25, 13.25],
			"rotation": {"angle": 0, "axis": "x", "origin": [8, 2.25, 8]},
			"faces": {
				"north": {"uv": [0, 5, 0, 0], "rotation": 270, "texture": "#0"},
				"east": {"uv": [0, 0, 0, 4], "rotation": 90, "texture": "#0"},
				"south": {"uv": [0, 0, 0, 5], "rotation": 270, "texture": "#0"},
				"west": {"uv": [0, 0, 0, 4], "rotation": 270, "texture": "#0"},
				"up": {"uv": [6, 1, 5, 2.5], "texture": "#0"},
				"down": {"uv": [6, 1, 5, 2.5], "rotation": 180, "texture": "#0"}
			}
		}
	],
	"display": {
		"head": {
			"rotation": [0, -90, 90],
			"translation": [0, 0, -8.25],
			"scale": [1.31641, 1.31641, 1.31641]
		}
	}
}