{
	"credit": "Made with Blockbench",
	"texture_size": [128, 128],
	"textures": {
		"1": "slb:beta_glove",
		"particle": "slb:necromancer_glove"
	},
	"elements": [
		{
			"from": [7.3, 0, 7.2],
			"to": [8.7, 8, 8.2],
			"faces": {
				"north": {"uv": [5.625, 1.5, 5.75, 2.5], "texture": "#1"},
				"east": {"uv": [5.75, 1.5, 5.875, 2.5], "texture": "#1"},
				"south": {"uv": [3.375, 5.75, 3.5, 6.75], "texture": "#1"},
				"west": {"uv": [3.5, 5.75, 3.625, 6.75], "texture": "#1"},
				"up": {"uv": [6.25, 3.25, 6.125, 3.125], "texture": "#1"},
				"down": {"uv": [6.25, 5.625, 6.125, 5.75], "texture": "#1"}
			}
		},
		{
			"from": [5, 8, 7],
			"to": [11, 13, 8.4],
			"rotation": {"angle": 0, "axis": "y", "origin": [0, 1, 0]},
			"faces": {
				"north": {"uv": [0.5, 3.25, 1.25, 3.875], "texture": "#1"},
				"east": {"uv": [3.625, 5.75, 3.75, 6.375], "texture": "#1"},
				"south": {"uv": [1.25, 3.25, 2, 3.875], "texture": "#1"},
				"west": {"uv": [3.75, 5.75, 3.875, 6.375], "texture": "#1"},
				"up": {"uv": [6.375, 2.625, 5.625, 2.5], "texture": "#1"},
				"down": {"uv": [6.375, 2.625, 5.625, 2.75], "texture": "#1"}
			}
		},
		{
			"from": [7, 6, 7.02],
			"to": [9, 8, 8.38],
			"rotation": {"angle": 0, "axis": "y", "origin": [0, 1, 0]},
			"faces": {
				"north": {"uv": [5.625, 2.75, 5.875, 3], "texture": "#1"},
				"east": {"uv": [6.25, 2.25, 6.375, 2.5], "texture": "#1"},
				"south": {"uv": [5, 5.75, 5.25, 6], "texture": "#1"},
				"west": {"uv": [6.25, 5.625, 6.375, 5.875], "texture": "#1"},
				"up": {"uv": [1.75, 4, 1.5, 3.875], "texture": "#1"},
				"down": {"uv": [2, 3.875, 1.75, 4], "texture": "#1"}
			}
		},
		{
			"from": [9.6, 13, 7],
			"to": [11, 16, 8.4],
			"rotation": {"angle": 0, "axis": "y", "origin": [0, 6, 0]},
			"faces": {
				"north": {"uv": [6.125, 2.75, 6.25, 3.125], "texture": "#1"},
				"east": {"uv": [6.125, 5.25, 6.25, 5.625], "texture": "#1"},
				"south": {"uv": [6.25, 1.5, 6.375, 1.875], "texture": "#1"},
				"west": {"uv": [6.25, 1.875, 6.375, 2.25], "texture": "#1"},
				"up": {"uv": [6.375, 3.25, 6.25, 3.125], "texture": "#1"},
				"down": {"uv": [6.5, 6, 6.375, 6.125], "texture": "#1"}
			}
		},
		{
			"from": [8.1, 13, 7],
			"to": [9.5, 17, 8.4],
			"rotation": {"angle": 0, "axis": "y", "origin": [-1.5, 6, 0]},
			"faces": {
				"north": {"uv": [5.25, 5.75, 5.375, 6.25], "texture": "#1"},
				"east": {"uv": [5.375, 5.75, 5.5, 6.25], "texture": "#1"},
				"south": {"uv": [5.5, 5.75, 5.625, 6.25], "texture": "#1"},
				"west": {"uv": [5.625, 5.75, 5.75, 6.25], "texture": "#1"},
				"up": {"uv": [6.5, 6.25, 6.375, 6.125], "texture": "#1"},
				"down": {"uv": [6.375, 6.375, 6.25, 6.5], "texture": "#1"}
			}
		},
		{
			"from": [5.1, 13, 7],
			"to": [6.5, 17, 8.4],
			"rotation": {"angle": 0, "axis": "y", "origin": [-4.5, 6, 0]},
			"faces": {
				"north": {"uv": [5.75, 5.75, 5.875, 6.25], "texture": "#1"},
				"east": {"uv": [5.875, 1.5, 6, 2], "texture": "#1"},
				"south": {"uv": [5.875, 2, 6, 2.5], "texture": "#1"},
				"west": {"uv": [5.875, 5.75, 6, 6.25], "texture": "#1"},
				"up": {"uv": [6.5, 6.375, 6.375, 6.25], "texture": "#1"},
				"down": {"uv": [6.5, 6.375, 6.375, 6.5], "texture": "#1"}
			}
		},
		{
			"from": [3.4, 7.9, 7.01],
			"to": [4.78, 11.9, 8.39],
			"rotation": {"angle": 45, "axis": "z", "origin": [4.1, 9.9, 8]},
			"faces": {
				"north": {"uv": [0, 6, 0.125, 6.5], "texture": "#1"},
				"east": {"uv": [0.125, 6, 0.25, 6.5], "texture": "#1"},
				"south": {"uv": [0.25, 6, 0.375, 6.5], "texture": "#1"},
				"west": {"uv": [0.375, 6, 0.5, 6.5], "texture": "#1"},
				"up": {"uv": [0.125, 6.625, 0, 6.5], "texture": "#1"},
				"down": {"uv": [0.25, 6.5, 0.125, 6.625], "texture": "#1"}
			}
		},
		{
			"from": [6.6, 13, 7],
			"to": [8, 17.5, 8.4],
			"rotation": {"angle": 0, "axis": "y", "origin": [-3, 6, 0]},
			"faces": {
				"north": {"uv": [3.875, 5.75, 4, 6.375], "texture": "#1"},
				"east": {"uv": [4, 5.75, 4.125, 6.375], "texture": "#1"},
				"south": {"uv": [4.125, 5.75, 4.25, 6.375], "texture": "#1"},
				"west": {"uv": [4.25, 5.75, 4.375, 6.375], "texture": "#1"},
				"up": {"uv": [0.375, 6.625, 0.25, 6.5], "texture": "#1"},
				"down": {"uv": [0.5, 6.5, 0.375, 6.625], "texture": "#1"}
			}
		},
		{
			"from": [8.6, 5.6, 7.01],
			"to": [9.98, 8.4, 8.39],
			"rotation": {"angle": -45, "axis": "z", "origin": [10, 7, 8]},
			"faces": {
				"north": {"uv": [6.25, 2.75, 6.375, 3.125], "texture": "#1"},
				"east": {"uv": [5, 6.25, 5.125, 6.625], "texture": "#1"},
				"south": {"uv": [5.125, 6.25, 5.25, 6.625], "texture": "#1"},
				"west": {"uv": [5.25, 6.25, 5.375, 6.625], "texture": "#1"},
				"up": {"uv": [6.625, 1.625, 6.5, 1.5], "texture": "#1"},
				"down": {"uv": [6.625, 1.625, 6.5, 1.75], "texture": "#1"}
			}
		},
		{
			"from": [5.80503, 6.09497, 7.01],
			"to": [7.18503, 8.89497, 8.39],
			"rotation": {"angle": 45, "axis": "z", "origin": [6.50503, 7.49497, 8]},
			"faces": {
				"north": {"uv": [6.25, 5.25, 6.375, 5.625], "texture": "#1"},
				"east": {"uv": [5.375, 6.25, 5.5, 6.625], "texture": "#1"},
				"south": {"uv": [5.5, 6.25, 5.625, 6.625], "texture": "#1"},
				"west": {"uv": [5.625, 6.25, 5.75, 6.625], "texture": "#1"},
				"up": {"uv": [6.625, 1.875, 6.5, 1.75], "texture": "#1"},
				"down": {"uv": [6.625, 1.875, 6.5, 2], "texture": "#1"}
			}
		},
		{
			"from": [0, 0, 6.9],
			"to": [16, 24, 8.5],
			"faces": {
				"north": {"uv": [0, 0, 2, 3], "texture": "#1"},
				"east": {"uv": [0, 3, 0.25, 6], "texture": "#1"},
				"south": {"uv": [2, 0, 4, 3], "texture": "#1"},
				"west": {"uv": [0.25, 3, 0.5, 6], "texture": "#1"},
				"up": {"uv": [2.5, 3.25, 0.5, 3], "texture": "#1"},
				"down": {"uv": [4.5, 3, 2.5, 3.25], "texture": "#1"}
			}
		},
		{
			"from": [0.3, 0, 0.3],
			"to": [1.7, 25, 1.7],
			"faces": {
				"north": {"uv": [4.75, 4.25, 4.875, 7.375], "texture": "#1"},
				"east": {"uv": [4.875, 4.25, 5, 7.375], "texture": "#1"},
				"south": {"uv": [1.5, 5, 1.625, 8.125], "texture": "#1"},
				"west": {"uv": [1.625, 5, 1.75, 8.125], "texture": "#1"},
				"up": {"uv": [6.625, 2.125, 6.5, 2], "texture": "#1"},
				"down": {"uv": [6.625, 2.125, 6.5, 2.25], "texture": "#1"}
			}
		},
		{
			"from": [1.7, 1, 0.3],
			"to": [14.3, 2.5, 1.7],
			"faces": {
				"north": {"uv": [2, 3.75, 3.625, 4], "texture": "#1"},
				"east": {"uv": [5.75, 6.25, 5.875, 6.5], "texture": "#1"},
				"south": {"uv": [3.75, 3.25, 5.375, 3.5], "texture": "#1"},
				"west": {"uv": [5.875, 6.25, 6, 6.5], "texture": "#1"},
				"up": {"uv": [7.25, 0.125, 5.625, 0], "texture": "#1"},
				"down": {"uv": [7.25, 0.125, 5.625, 0.25], "texture": "#1"}
			}
		},
		{
			"from": [3.7, 1, 1.3],
			"to": [12.3, 2.5, 3.7],
			"faces": {
				"north": {"uv": [3.25, 5, 4.375, 5.25], "texture": "#1"},
				"east": {"uv": [5.875, 2.75, 6.125, 3], "texture": "#1"},
				"south": {"uv": [3.25, 5.25, 4.375, 5.5], "texture": "#1"},
				"west": {"uv": [6, 1.5, 6.25, 1.75], "texture": "#1"},
				"up": {"uv": [6.375, 4, 5.25, 3.75], "texture": "#1"},
				"down": {"uv": [6.125, 5.25, 5, 5.5], "texture": "#1"}
			}
		},
		{
			"from": [3.7, 1, 12.3],
			"to": [12.3, 2.5, 14.7],
			"faces": {
				"north": {"uv": [5.375, 3.25, 6.5, 3.5], "texture": "#1"},
				"east": {"uv": [6, 1.75, 6.25, 2], "texture": "#1"},
				"south": {"uv": [5.375, 3.5, 6.5, 3.75], "texture": "#1"},
				"west": {"uv": [6, 2, 6.25, 2.25], "texture": "#1"},
				"up": {"uv": [4.375, 5.75, 3.25, 5.5], "texture": "#1"},
				"down": {"uv": [6.125, 5.5, 5, 5.75], "texture": "#1"}
			}
		},
		{
			"from": [12.3, 1, 1.3],
			"to": [14.3, 2.5, 14.7],
			"faces": {
				"north": {"uv": [6, 2.25, 6.25, 2.5], "texture": "#1"},
				"east": {"uv": [3.75, 3.5, 5.375, 3.75], "texture": "#1"},
				"south": {"uv": [5, 6, 5.25, 6.25], "texture": "#1"},
				"west": {"uv": [3.625, 3.75, 5.25, 4], "texture": "#1"},
				"up": {"uv": [0.75, 5.5, 0.5, 3.875], "texture": "#1"},
				"down": {"uv": [1, 3.875, 0.75, 5.5], "texture": "#1"}
			}
		},
		{
			"from": [1.7, 1, 1.3],
			"to": [3.7, 2.5, 14.7],
			"faces": {
				"north": {"uv": [6, 5.75, 6.25, 6], "texture": "#1"},
				"east": {"uv": [4, 0, 5.625, 0.25], "texture": "#1"},
				"south": {"uv": [6, 6, 6.25, 6.25], "texture": "#1"},
				"west": {"uv": [4, 0.25, 5.625, 0.5], "texture": "#1"},
				"up": {"uv": [1.25, 5.5, 1, 3.875], "texture": "#1"},
				"down": {"uv": [1.5, 3.875, 1.25, 5.5], "texture": "#1"}
			}
		},
		{
			"from": [1.7, 23, 0.3],
			"to": [14.3, 24.5, 1.7],
			"faces": {
				"north": {"uv": [4, 0.5, 5.625, 0.75], "texture": "#1"},
				"east": {"uv": [6.25, 5.875, 6.375, 6.125], "texture": "#1"},
				"south": {"uv": [4, 0.75, 5.625, 1], "texture": "#1"},
				"west": {"uv": [6, 6.25, 6.125, 6.5], "texture": "#1"},
				"up": {"uv": [7.25, 0.375, 5.625, 0.25], "texture": "#1"},
				"down": {"uv": [7.25, 0.375, 5.625, 0.5], "texture": "#1"}
			}
		},
		{
			"from": [1.7, 1, 14.3],
			"to": [14.3, 2.5, 15.7],
			"faces": {
				"north": {"uv": [4, 1, 5.625, 1.25], "texture": "#1"},
				"east": {"uv": [6.125, 6.25, 6.25, 6.5], "texture": "#1"},
				"south": {"uv": [4, 1.25, 5.625, 1.5], "texture": "#1"},
				"west": {"uv": [6.25, 6.125, 6.375, 6.375], "texture": "#1"},
				"up": {"uv": [7.25, 0.625, 5.625, 0.5], "texture": "#1"},
				"down": {"uv": [7.25, 0.625, 5.625, 0.75], "texture": "#1"}
			}
		},
		{
			"from": [1.7, 23, 14.3],
			"to": [14.3, 24.5, 15.7],
			"faces": {
				"north": {"uv": [1.5, 4, 3.125, 4.25], "texture": "#1"},
				"east": {"uv": [6.375, 1.5, 6.5, 1.75], "texture": "#1"},
				"south": {"uv": [4, 1.5, 5.625, 1.75], "texture": "#1"},
				"west": {"uv": [6.375, 1.75, 6.5, 2], "texture": "#1"},
				"up": {"uv": [7.25, 0.875, 5.625, 0.75], "texture": "#1"},
				"down": {"uv": [7.25, 0.875, 5.625, 1], "texture": "#1"}
			}
		},
		{
			"from": [0.3, 0, 14.3],
			"to": [1.7, 25, 15.7],
			"faces": {
				"north": {"uv": [1.75, 5, 1.875, 8.125], "texture": "#1"},
				"east": {"uv": [1.875, 5, 2, 8.125], "texture": "#1"},
				"south": {"uv": [2, 5, 2.125, 8.125], "texture": "#1"},
				"west": {"uv": [2.125, 5, 2.25, 8.125], "texture": "#1"},
				"up": {"uv": [6.625, 2.375, 6.5, 2.25], "texture": "#1"},
				"down": {"uv": [6.625, 2.375, 6.5, 2.5], "texture": "#1"}
			}
		},
		{
			"from": [14.3, 0, 0.3],
			"to": [15.7, 25, 1.7],
			"faces": {
				"north": {"uv": [2.25, 5, 2.375, 8.125], "texture": "#1"},
				"east": {"uv": [2.375, 5, 2.5, 8.125], "texture": "#1"},
				"south": {"uv": [2.5, 5, 2.625, 8.125], "texture": "#1"},
				"west": {"uv": [2.625, 5, 2.75, 8.125], "texture": "#1"},
				"up": {"uv": [6.625, 2.625, 6.5, 2.5], "texture": "#1"},
				"down": {"uv": [6.625, 2.625, 6.5, 2.75], "texture": "#1"}
			}
		},
		{
			"from": [0.1, 6.8, -1.1],
			"to": [20.5, 8.2, 0.3],
			"rotation": {"angle": -45, "axis": "z", "origin": [15, 12.5, -0.4]},
			"faces": {
				"north": {"uv": [5, 4.25, 7.5, 4.375], "texture": "#1"},
				"east": {"uv": [6.5, 2.75, 6.625, 2.875], "texture": "#1"},
				"south": {"uv": [5, 4.375, 7.5, 4.5], "texture": "#1"},
				"west": {"uv": [6.5, 2.875, 6.625, 3], "texture": "#1"},
				"up": {"uv": [7.5, 4.625, 5, 4.5], "texture": "#1"},
				"down": {"uv": [7.5, 4.625, 5, 4.75], "texture": "#1"}
			}
		},
		{
			"from": [0.1, 6.8, 15.7],
			"to": [20.5, 8.2, 17.1],
			"rotation": {"angle": -45, "axis": "z", "origin": [15, 12.5, -0.4]},
			"faces": {
				"north": {"uv": [5, 4.75, 7.5, 4.875], "texture": "#1"},
				"east": {"uv": [6.5, 3, 6.625, 3.125], "texture": "#1"},
				"south": {"uv": [5, 4.875, 7.5, 5], "texture": "#1"},
				"west": {"uv": [6.5, 3.125, 6.625, 3.25], "texture": "#1"},
				"up": {"uv": [7.5, 5.125, 5, 5], "texture": "#1"},
				"down": {"uv": [7.5, 5.125, 5, 5.25], "texture": "#1"}
			}
		},
		{
			"from": [0.27053, 1, 1.67053],
			"to": [1.67053, 2.5, 14.27053],
			"rotation": {"angle": 0, "axis": "y", "origin": [8.07053, 12.75, 0.3]},
			"faces": {
				"north": {"uv": [6.375, 2, 6.5, 2.25], "texture": "#1"},
				"east": {"uv": [4, 1.75, 5.625, 2], "texture": "#1"},
				"south": {"uv": [6.375, 2.25, 6.5, 2.5], "texture": "#1"},
				"west": {"uv": [4, 2, 5.625, 2.25], "texture": "#1"},
				"up": {"uv": [4.75, 6.625, 4.625, 5], "texture": "#1"},
				"down": {"uv": [0.625, 5.5, 0.5, 7.125], "texture": "#1"}
			}
		},
		{
			"from": [14.27053, 1, 0.77053],
			"to": [15.67053, 2.5, 15.17053],
			"rotation": {"angle": 0, "axis": "y", "origin": [8.07053, 12.75, 0.3]},
			"faces": {
				"north": {"uv": [6.375, 2.5, 6.5, 2.75], "texture": "#1"},
				"east": {"uv": [2, 3.25, 3.75, 3.5], "texture": "#1"},
				"south": {"uv": [6.375, 2.75, 6.5, 3], "texture": "#1"},
				"west": {"uv": [2, 3.5, 3.75, 3.75], "texture": "#1"},
				"up": {"uv": [4.5, 6.75, 4.375, 5], "texture": "#1"},
				"down": {"uv": [4.625, 5, 4.5, 6.75], "texture": "#1"}
			}
		},
		{
			"from": [0.27053, 23, 1.67053],
			"to": [1.67053, 24.5, 14.27053],
			"rotation": {"angle": 0, "axis": "y", "origin": [8.07053, 12.75, 0.3]},
			"faces": {
				"north": {"uv": [6.375, 3, 6.5, 3.25], "texture": "#1"},
				"east": {"uv": [4, 2.25, 5.625, 2.5], "texture": "#1"},
				"south": {"uv": [3.625, 6.375, 3.75, 6.625], "texture": "#1"},
				"west": {"uv": [4, 2.5, 5.625, 2.75], "texture": "#1"},
				"up": {"uv": [0.75, 7.125, 0.625, 5.5], "texture": "#1"},
				"down": {"uv": [0.875, 5.5, 0.75, 7.125], "texture": "#1"}
			}
		},
		{
			"from": [1.7, 2.5, 0.5],
			"to": [14.3, 4.7, 1.5],
			"faces": {
				"north": {"uv": [4, 2.75, 5.625, 3], "texture": "#1"},
				"east": {"uv": [3.75, 6.375, 3.875, 6.625], "texture": "#1"},
				"south": {"uv": [3.125, 4, 4.75, 4.25], "texture": "#1"},
				"west": {"uv": [6.375, 3.75, 6.5, 4], "texture": "#1"},
				"up": {"uv": [7.25, 1.125, 5.625, 1], "texture": "#1"},
				"down": {"uv": [7.25, 1.125, 5.625, 1.25], "texture": "#1"}
			}
		},
		{
			"from": [0.47053, 2.5, 1.67053],
			"to": [1.47053, 4.7, 14.27053],
			"rotation": {"angle": 0, "axis": "y", "origin": [8.07053, 12.75, 0.3]},
			"faces": {
				"north": {"uv": [3.875, 6.375, 4, 6.625], "texture": "#1"},
				"east": {"uv": [1.5, 4.25, 3.125, 4.5], "texture": "#1"},
				"south": {"uv": [4, 6.375, 4.125, 6.625], "texture": "#1"},
				"west": {"uv": [3.125, 4.25, 4.75, 4.5], "texture": "#1"},
				"up": {"uv": [1, 7.125, 0.875, 5.5], "texture": "#1"},
				"down": {"uv": [1.125, 5.5, 1, 7.125], "texture": "#1"}
			}
		},
		{
			"from": [1.7, 2.5, 14.5],
			"to": [14.3, 4.7, 15.5],
			"faces": {
				"north": {"uv": [1.5, 4.5, 3.125, 4.75], "texture": "#1"},
				"east": {"uv": [6.375, 4, 6.5, 4.25], "texture": "#1"},
				"south": {"uv": [4.5, 3, 6.125, 3.25], "texture": "#1"},
				"west": {"uv": [4.125, 6.375, 4.25, 6.625], "texture": "#1"},
				"up": {"uv": [7.25, 1.375, 5.625, 1.25], "texture": "#1"},
				"down": {"uv": [7.25, 1.375, 5.625, 1.5], "texture": "#1"}
			}
		},
		{
			"from": [14.47053, 2.5, 1.67053],
			"to": [15.47053, 4.7, 14.27053],
			"rotation": {"angle": 0, "axis": "y", "origin": [8.07053, 12.75, 0.3]},
			"faces": {
				"north": {"uv": [4.25, 6.375, 4.375, 6.625], "texture": "#1"},
				"east": {"uv": [3.125, 4.5, 4.75, 4.75], "texture": "#1"},
				"south": {"uv": [6.375, 5.25, 6.5, 5.5], "texture": "#1"},
				"west": {"uv": [1.5, 4.75, 3.125, 5], "texture": "#1"},
				"up": {"uv": [1.25, 7.125, 1.125, 5.5], "texture": "#1"},
				"down": {"uv": [1.375, 5.5, 1.25, 7.125], "texture": "#1"}
			}
		},
		{
			"from": [14.27053, 23, 1.67053],
			"to": [15.67053, 24.5, 14.27053],
			"rotation": {"angle": 0, "axis": "y", "origin": [8.07053, 12.75, 0.3]},
			"faces": {
				"north": {"uv": [6.375, 5.5, 6.5, 5.75], "texture": "#1"},
				"east": {"uv": [3.125, 4.75, 4.75, 5], "texture": "#1"},
				"south": {"uv": [6.375, 5.75, 6.5, 6], "texture": "#1"},
				"west": {"uv": [4.75, 4, 6.375, 4.25], "texture": "#1"},
				"up": {"uv": [1.5, 7.125, 1.375, 5.5], "texture": "#1"},
				"down": {"uv": [3.375, 5.75, 3.25, 7.375], "texture": "#1"}
			}
		},
		{
			"from": [14.3, 0, 14.3],
			"to": [15.7, 25, 15.7],
			"faces": {
				"north": {"uv": [2.75, 5, 2.875, 8.125], "texture": "#1"},
				"east": {"uv": [2.875, 5, 3, 8.125], "texture": "#1"},
				"south": {"uv": [3, 5, 3.125, 8.125], "texture": "#1"},
				"west": {"uv": [3.125, 5, 3.25, 8.125], "texture": "#1"},
				"up": {"uv": [6.625, 3.375, 6.5, 3.25], "texture": "#1"},
				"down": {"uv": [6.625, 3.375, 6.5, 3.5], "texture": "#1"}
			}
		}
	],
	"display": {
		"thirdperson_righthand": {
			"rotation": [-78.44, 82.87, 82.86],
			"translation": [0, 5.75, 1.25]
		},
		"thirdperson_lefthand": {
			"rotation": [-177.25, 0, 0],
			"translation": [0, -7, 0.75]
		},
		"firstperson_righthand": {
			"rotation": [73.05, 79.15, -104.45],
			"translation": [0, 3, 0]
		},
		"firstperson_lefthand": {
			"rotation": [133.5, 0, 10],
			"translation": [0, 0, 1.75]
		},
		"gui": {
			"rotation": [-44.99, -32.33, -62.82],
			"translation": [-0.5, -0.5, 0]
		},
		"head": {
			"translation": [0, 13, 0]
		}
	}
}