{
	"credit": "Made with Blockbench",
	"texture_size": [32, 32],
	"textures": {
		"0": "item/bomb",
		"particle": "item/bomb"
	},
	"elements": [
		{
			"from": [6, 6, 8],
			"to": [10, 18, 8],
			"rotation": {"angle": 0, "axis": "z", "origin": [8, 10.5, 8]},
			"faces": {
				"north": {"uv": [0, 0, 2, 6], "rotation": 180, "texture": "#0"},
				"east": {"uv": [0, 0, 0, 6], "rotation": 180, "texture": "#0"},
				"south": {"uv": [2, 0, 0, 6], "rotation": 180, "texture": "#0"},
				"west": {"uv": [0, 0, 0, 6], "rotation": 180, "texture": "#0"},
				"up": {"uv": [2, 0, 0, 0], "rotation": 180, "texture": "#0"},
				"down": {"uv": [2, 0, 0, 0], "rotation": 180, "texture": "#0"}
			}
		},
		{
			"from": [8, 6, 6],
			"to": [8, 18, 10],
			"rotation": {"angle": 0, "axis": "z", "origin": [8, 10.5, 8]},
			"faces": {
				"north": {"uv": [0, 0, 0, 6], "rotation": 180, "texture": "#0"},
				"east": {"uv": [2, 0, 0, 6], "rotation": 180, "texture": "#0"},
				"south": {"uv": [0, 0, 0, 6], "rotation": 180, "texture": "#0"},
				"west": {"uv": [0, 0, 2, 6], "rotation": 180, "texture": "#0"},
				"up": {"uv": [2, 0, 0, 0], "rotation": 90, "texture": "#0"},
				"down": {"uv": [2, 0, 0, 0], "rotation": 270, "texture": "#0"}
			}
		},
		{
			"from": [5, 0, 5],
			"to": [11, 6, 11],
			"rotation": {"angle": 0, "axis": "z", "origin": [8, 3, 8]},
			"faces": {
				"north": {"uv": [2, 0, 5, 3], "texture": "#0"},
				"east": {"uv": [2, 0, 5, 3], "texture": "#0"},
				"south": {"uv": [2, 0, 5, 3], "texture": "#0"},
				"west": {"uv": [2, 0, 5, 3], "texture": "#0"},
				"up": {"uv": [8, 3, 5, 0], "texture": "#0"},
				"down": {"uv": [8, 0, 5, 3], "texture": "#0"}
			}
		}
	],
	"display": {
		"thirdperson_righthand": {
			"rotation": [13.5, 90, 0],
			"translation": [0, 7.75, 3.75]
		},
		"thirdperson_lefthand": {
			"rotation": [13.5, 90, 0],
			"translation": [0, 7.75, 3.75]
		},
		"firstperson_righthand": {
			"rotation": [-2.45, 28.82, 5.18],
			"translation": [20.75, 0.25, -39.75],
			"scale": [4, 4, 4]
		},
		"firstperson_lefthand": {
			"rotation": [-2.45, 28.82, 5.18],
			"translation": [25, 0.25, -39.75],
			"scale": [4, 4, 4]
		},
		"ground": {
			"translation": [0, 4.25, 0],
			"scale": [1.20117, 1.20117, 1.20117]
		},
		"gui": {
			"rotation": [36.67, -37.67, 27.98],
			"translation": [-3.25, 6.5, -0.25],
			"scale": [1.67969, 1.67969, 1.67969]
		},
		"head": {
			"rotation": [0, -28, 0],
			"translation": [0, -5, 0],
			"scale": [3.30078, 3.30078, 3.30078]
		},
		"fixed": {
			"rotation": [-90, 0, 0],
			"translation": [0.5, 0.75, -19.25],
			"scale": [2.64648, 2.64648, 2.64648]
		}
	}
}