{
	"credit": "Made with Blockbench",
	"texture_size": [64, 64],
	"textures": {
		"1": "slb:defense",
		"particle": "slb:defense"
	},
	"elements": [
		{
			"from": [0, 0, 0],
			"to": [16, 15, 0],
			"faces": {
				"north": {"uv": [0, 0, 4, 3.75], "texture": "#1"},
				"east": {"uv": [0, 0, 4, 3.75], "texture": "#1"},
				"south": {"uv": [0, 0, 4, 3.75], "texture": "#1"},
				"west": {"uv": [0, 0, 4, 3.75], "texture": "#1"},
				"up": {"uv": [0, 0, 4, 3.75], "texture": "#1"},
				"down": {"uv": [0, 0, 4, 3.75], "texture": "#1"}
			}
		},
		{
			"from": [0, 0, 0],
			"to": [0, 15, 16],
			"rotation": {"angle": 0, "axis": "y", "origin": [8, 7.5, 1]},
			"faces": {
				"north": {"uv": [0, 7.5, 3.75, 11.25], "texture": "#1"},
				"east": {"uv": [0, 7.5, 3.75, 11.25], "texture": "#1"},
				"south": {"uv": [0, 7.5, 3.75, 11.25], "texture": "#1"},
				"west": {"uv": [0, 7.5, 3.75, 11.25], "texture": "#1"},
				"up": {"uv": [0, 7.5, 3.75, 11.25], "texture": "#1"},
				"down": {"uv": [0, 7.5, 3.75, 11.25], "texture": "#1"}
			}
		},
		{
			"from": [16, 0, 0],
			"to": [16, 15, 16],
			"rotation": {"angle": 0, "axis": "y", "origin": [4, 7.5, 4]},
			"faces": {
				"north": {"uv": [3.75, 7.5, 7.5, 11.25], "texture": "#1"},
				"east": {"uv": [3.75, 7.5, 7.5, 11.25], "texture": "#1"},
				"south": {"uv": [3.75, 7.5, 7.5, 11.25], "texture": "#1"},
				"west": {"uv": [3.75, 7.5, 7.5, 11.25], "texture": "#1"},
				"up": {"uv": [3.75, 7.5, 7.5, 11.25], "texture": "#1"},
				"down": {"uv": [3.75, 7.5, 7.5, 11.25], "texture": "#1"}
			}
		},
		{
			"from": [0, 15, 0],
			"to": [16, 15, 16],
			"rotation": {"angle": 0, "axis": "z", "origin": [16, 7.5, 8]},
			"faces": {
				"north": {"uv": [3.75, 7.5, 7.5, 11.25], "rotation": 90, "texture": "#1"},
				"east": {"uv": [3.75, 7.5, 7.5, 11.25], "rotation": 90, "texture": "#1"},
				"south": {"uv": [3.75, 7.5, 7.5, 11.25], "rotation": 90, "texture": "#1"},
				"west": {"uv": [3.75, 7.5, 7.5, 11.25], "rotation": 90, "texture": "#1"},
				"up": {"uv": [3.75, 7.5, 7.5, 11.25], "rotation": 90, "texture": "#1"},
				"down": {"uv": [3.75, 7.5, 7.5, 11.25], "rotation": 90, "texture": "#1"}
			}
		},
		{
			"from": [0, 0, 0],
			"to": [16, 0, 16],
			"rotation": {"angle": 0, "axis": "z", "origin": [8, 4, 8]},
			"faces": {
				"north": {"uv": [3.75, 7.5, 7.5, 11.25], "rotation": 270, "texture": "#1"},
				"east": {"uv": [3.75, 7.5, 7.5, 11.25], "rotation": 270, "texture": "#1"},
				"south": {"uv": [3.75, 7.5, 7.5, 11.25], "rotation": 270, "texture": "#1"},
				"west": {"uv": [3.75, 7.5, 7.5, 11.25], "rotation": 270, "texture": "#1"},
				"up": {"uv": [3.75, 7.5, 7.5, 11.25], "rotation": 270, "texture": "#1"},
				"down": {"uv": [3.75, 7.5, 7.5, 11.25], "rotation": 270, "texture": "#1"}
			}
		},
		{
			"from": [0, 0, 16],
			"to": [16, 15, 16],
			"rotation": {"angle": 0, "axis": "y", "origin": [8, 7.5, 16]},
			"faces": {
				"north": {"uv": [0, 3.75, 4, 7.5], "texture": "#1"},
				"east": {"uv": [0, 3.75, 4, 7.5], "texture": "#1"},
				"south": {"uv": [0, 3.75, 4, 7.5], "texture": "#1"},
				"west": {"uv": [0, 3.75, 4, 7.5], "texture": "#1"},
				"up": {"uv": [0, 3.75, 4, 7.5], "texture": "#1"},
				"down": {"uv": [0, 3.75, 4, 7.5], "texture": "#1"}
			}
		}
	]
}