{
	"credit": "Made with Blockbench",
	"texture_size": [64, 64],
	"textures": {
		"0": "furry_tail",
		"particle": "furry_tail"
	},
	"elements": [
		{
			"from": [5.925, -0.075, -0.225],
			"to": [10.075, 4.075, 2],
			"rotation": {"angle": 0, "axis": "x", "origin": [8, 2, 0.8875]},
			"faces": {
				"north": {"uv": [7.5, 6.5, 8.5, 7.5], "texture": "#0"},
				"east": {"uv": [8, 7.5, 8.5, 8.5], "rotation": 180, "texture": "#0"},
				"south": {"uv": [7.5, 6.5, 8.5, 7.5], "texture": "#0"},
				"west": {"uv": [8, 7.5, 8.5, 8.5], "texture": "#0"},
				"up": {"uv": [9, 3.5, 8, 3], "texture": "#0"},
				"down": {"uv": [9, 3, 8, 3.5], "texture": "#0"}
			}
		},
		{
			"from": [5, -1, 2],
			"to": [6, 5, 18],
			"rotation": {"angle": 0, "axis": "x", "origin": [8, 2, 8]},
			"faces": {
				"north": {"uv": [2, 8.5, 2.25, 10], "texture": "#0"},
				"east": {"uv": [0, 0, 4, 1.5], "texture": "#0"},
				"south": {"uv": [2.25, 8.5, 2.5, 10], "texture": "#0"},
				"west": {"uv": [0, 0, 4, 1.5], "texture": "#0"},
				"up": {"uv": [8, 11.5, 7.75, 7.5], "texture": "#0"},
				"down": {"uv": [8, 7.5, 7.75, 11.5], "texture": "#0"}
			}
		},
		{
			"from": [10, -1, 2],
			"to": [11, 5, 18],
			"rotation": {"angle": 0, "axis": "x", "origin": [10.5, 2, 10]},
			"faces": {
				"north": {"uv": [2, 8.5, 2.25, 10], "rotation": 180, "texture": "#0"},
				"east": {"uv": [0, 0, 4, 1.5], "rotation": 180, "texture": "#0"},
				"south": {"uv": [2.25, 8.5, 2.5, 10], "rotation": 180, "texture": "#0"},
				"west": {"uv": [0, 0, 4, 1.5], "rotation": 180, "texture": "#0"},
				"up": {"uv": [8, 7.5, 7.75, 11.5], "rotation": 180, "texture": "#0"},
				"down": {"uv": [8, 11.5, 7.75, 7.5], "rotation": 180, "texture": "#0"}
			}
		},
		{
			"from": [11, 0, 18],
			"to": [11, 4, 22],
			"rotation": {"angle": 0, "axis": "x", "origin": [8, 2, 8]},
			"faces": {
				"north": {"uv": [0, 0, 0, 1.5], "texture": "#0"},
				"east": {"uv": [6, 3.5, 7, 5], "texture": "#0"},
				"south": {"uv": [0, 0, 0, 1.5], "texture": "#0"},
				"west": {"uv": [6, 3.5, 7, 5], "rotation": 180, "texture": "#0"},
				"up": {"uv": [0, 1, 0, 0], "texture": "#0"},
				"down": {"uv": [0, 0, 0, 1], "texture": "#0"}
			}
		},
		{
			"from": [6, 5, 18],
			"to": [10, 5, 22],
			"rotation": {"angle": 0, "axis": "z", "origin": [8, 2, 8]},
			"faces": {
				"north": {"uv": [0, 0, 1.5, 0], "texture": "#0"},
				"east": {"uv": [0, 0, 1, 0], "texture": "#0"},
				"south": {"uv": [0, 0, 1.5, 0], "texture": "#0"},
				"west": {"uv": [0, 0, 1, 0], "texture": "#0"},
				"up": {"uv": [7.5, 7.5, 6, 6.5], "texture": "#0"},
				"down": {"uv": [7.5, 6.5, 6, 7.5], "texture": "#0"}
			}
		},
		{
			"from": [6, -1, 18],
			"to": [10, -1, 22],
			"rotation": {"angle": 0, "axis": "z", "origin": [8, 2, 8]},
			"faces": {
				"north": {"uv": [0, 0, 1.5, 0], "texture": "#0"},
				"east": {"uv": [0, 0, 1, 0], "texture": "#0"},
				"south": {"uv": [0, 0, 1.5, 0], "texture": "#0"},
				"west": {"uv": [0, 0, 1, 0], "texture": "#0"},
				"up": {"uv": [8.5, 6.5, 7, 5.5], "texture": "#0"},
				"down": {"uv": [8.5, 5.5, 7, 6.5], "texture": "#0"}
			}
		},
		{
			"from": [5, 0, 18],
			"to": [5, 4, 22],
			"rotation": {"angle": 0, "axis": "z", "origin": [8, 2, 8]},
			"faces": {
				"north": {"uv": [0, 0, 0, 1.5], "texture": "#0"},
				"east": {"uv": [5, 7.5, 6, 9], "rotation": 180, "texture": "#0"},
				"south": {"uv": [0, 0, 0, 1.5], "texture": "#0"},
				"west": {"uv": [5, 7.5, 6, 9], "texture": "#0"},
				"up": {"uv": [0, 1, 0, 0], "texture": "#0"},
				"down": {"uv": [0, 0, 0, 1], "texture": "#0"}
			}
		},
		{
			"from": [6, 0, 2],
			"to": [10, 4, 18],
			"rotation": {"angle": 0, "axis": "x", "origin": [8, 2, 8]},
			"faces": {
				"north": {"uv": [8, 0, 9, 1], "texture": "#0"},
				"east": {"uv": [4, 1.5, 8, 2.5], "texture": "#0"},
				"south": {"uv": [8, 1, 9, 2], "texture": "#0"},
				"west": {"uv": [4, 2.5, 8, 3.5], "texture": "#0"},
				"up": {"uv": [5, 7.5, 4, 3.5], "texture": "#0"},
				"down": {"uv": [1, 4.5, 0, 8.5], "texture": "#0"}
			}
		},
		{
			"from": [6, 4, 2],
			"to": [10, 5, 18],
			"rotation": {"angle": 0, "axis": "x", "origin": [8, 2, 8]},
			"faces": {
				"north": {"uv": [8.5, 4, 9.5, 4.25], "texture": "#0"},
				"east": {"uv": [8, 2, 12, 2.25], "texture": "#0"},
				"south": {"uv": [8.5, 3.75, 9.5, 4], "texture": "#0"},
				"west": {"uv": [8, 2, 12, 2.25], "texture": "#0"},
				"up": {"uv": [6, 7.5, 5, 3.5], "texture": "#0"},
				"down": {"uv": [6, 3.5, 5, 7.5], "texture": "#0"}
			}
		},
		{
			"from": [6, -1, 2],
			"to": [10, 0, 18],
			"rotation": {"angle": 0, "axis": "x", "origin": [8, 2, 8]},
			"faces": {
				"north": {"uv": [8.5, 3.5, 9.5, 3.75], "texture": "#0"},
				"east": {"uv": [8, 2, 12, 2.25], "texture": "#0"},
				"south": {"uv": [8.5, 3.75, 9.5, 4], "texture": "#0"},
				"west": {"uv": [8, 2, 12, 2.25], "texture": "#0"},
				"up": {"uv": [4, 8.5, 3, 4.5], "texture": "#0"},
				"down": {"uv": [6, 3.5, 5, 7.5], "texture": "#0"}
			}
		}
	],
	"display": {
		"head": {
			"rotation": [-26.28, 0.28, -0.55],
			"translation": [0, -11.25, 7],
			"scale": [1.22266, 1.22266, 1.22266]
		}
	}
}