{
	"parent": "minecraft:item/generated",
	"textures": {
		"layer0": "minecraft:item/iron_ingot"
	},
	
	"overrides": [
		{"predicate": {"custom_model_data":1000000}, "model": "item/balloons/red_balloon"},
		{"predicate": {"custom_model_data":1000001}, "model": "item/balloons/green_balloon"},
		{"predicate": {"custom_model_data":1000002}, "model": "item/balloons/bomb_balloon"},
		{"predicate": {"custom_model_data":1000003}, "model": "item/balloons/atom_balloon"},
		{"predicate": {"custom_model_data":1000004}, "model": "item/balloons/cat_balloon"}
	]
}