{
	"credit": "Made with Blockbench",
	"texture_size": [128, 128],
	"textures": {
		"0": "sombrero",
		"particle": "sombrero"
	},
	"elements": [
		{
			"from": [-8, 0, -8],
			"to": [-8, 3, 24],
			"faces": {
				"north": {"uv": [5.75, 3.75, 9.75, 4.125], "texture": "#0"},
				"east": {"uv": [5.75, 3.75, 9.75, 4.125], "texture": "#0"},
				"south": {"uv": [5.75, 3.75, 9.75, 4.125], "texture": "#0"},
				"west": {"uv": [5.75, 3.75, 9.75, 4.125], "texture": "#0"},
				"up": {"uv": [4, 4, 0, 0], "texture": "#0"},
				"down": {"uv": [4, 4, 0, 8], "texture": "#0"}
			}
		},
		{
			"from": [-8, 0, 24],
			"to": [24, 3, 24],
			"rotation": {"angle": 0, "axis": "y", "origin": [8, 1.5, 8]},
			"faces": {
				"north": {"uv": [5.75, 3.75, 9.75, 4.125], "texture": "#0"},
				"east": {"uv": [5.75, 3.75, 9.75, 4.125], "texture": "#0"},
				"south": {"uv": [5.75, 3.75, 9.75, 4.125], "texture": "#0"},
				"west": {"uv": [5.75, 3.75, 9.75, 4.125], "texture": "#0"},
				"up": {"uv": [4, 4, 0, 0], "rotation": 90, "texture": "#0"},
				"down": {"uv": [4, 4, 0, 8], "rotation": 270, "texture": "#0"}
			}
		},
		{
			"from": [24, 0, -8],
			"to": [24, 3, 24],
			"rotation": {"angle": 0, "axis": "y", "origin": [8, 1.5, 8]},
			"faces": {
				"north": {"uv": [5.75, 3.75, 9.75, 4.125], "texture": "#0"},
				"east": {"uv": [5.75, 3.75, 9.75, 4.125], "texture": "#0"},
				"south": {"uv": [5.75, 3.75, 9.75, 4.125], "texture": "#0"},
				"west": {"uv": [5.75, 3.75, 9.75, 4.125], "texture": "#0"},
				"up": {"uv": [4, 4, 0, 0], "texture": "#0"},
				"down": {"uv": [4, 4, 0, 8], "texture": "#0"}
			}
		},
		{
			"from": [-8, 0, -8],
			"to": [24, 3, -8],
			"rotation": {"angle": 0, "axis": "y", "origin": [8, 1.5, 8]},
			"faces": {
				"north": {"uv": [5.75, 3.75, 9.75, 4.125], "texture": "#0"},
				"east": {"uv": [5.75, 3.75, 9.75, 4.125], "texture": "#0"},
				"south": {"uv": [5.75, 3.75, 9.75, 4.125], "texture": "#0"},
				"west": {"uv": [5.75, 3.75, 9.75, 4.125], "texture": "#0"},
				"up": {"uv": [4, 4, 0, 0], "rotation": 90, "texture": "#0"},
				"down": {"uv": [4, 4, 0, 8], "rotation": 270, "texture": "#0"}
			}
		},
		{
			"from": [-8, -0.1, -8],
			"to": [24, 0, 24],
			"faces": {
				"north": {"uv": [5.75, 3.75, 9.75, 4.125], "texture": "#0"},
				"east": {"uv": [5.75, 3.75, 9.75, 4.125], "texture": "#0"},
				"south": {"uv": [5.75, 3.75, 9.75, 4.125], "texture": "#0"},
				"west": {"uv": [5.75, 3.75, 9.75, 4.125], "texture": "#0"},
				"up": {"uv": [4, 4, 0, 0], "texture": "#0"},
				"down": {"uv": [4, 4, 0, 8], "texture": "#0"}
			}
		},
		{
			"from": [1, 0, 1],
			"to": [15, 12, 15],
			"faces": {
				"north": {"uv": [5.75, 0, 7.5, 1.5], "texture": "#0"},
				"east": {"uv": [5.75, 0, 7.5, 1.5], "texture": "#0"},
				"south": {"uv": [5.75, 0, 7.5, 1.5], "texture": "#0"},
				"west": {"uv": [5.75, 0, 7.5, 1.5], "texture": "#0"},
				"up": {"uv": [5.75, 1.75, 4, 0], "texture": "#0"},
				"down": {"uv": [5.75, 1.75, 4, 3.5], "texture": "#0"}
			}
		}
	],
	"display": {
		"gui": {
			"rotation": [13.36, 42.16, 15.85],
			"translation": [-0.5, 2.5, 0],
			"scale": [0.57031, 0.57813, 0.57031]
		},
		"head": {
			"rotation": [2.75, 0, 0],
			"translation": [0, 10.25, 0],
			"scale": [0.95508, 0.95508, 0.95508]
		}
	}
}